ColorName,NumOfColors,Type,CritVal,ColorNum,ColorLetter,R,G,B,,ColorPatch,,,,,,,,,,
YlGn,3,seq,,1,C,247,252,185,,,,F,7,F,C,B,9,#F7FCB9,18 Sequential Schemes,
,,,,2,F,173,221,142,,,,A,D,D,D,8,E,#ADDD8E,followed by 9 Diverging and 8 Qualitative,
,,,,3,I,49,163,84,,,,3,1,A,3,5,4,#31A354,,
YlGn,4,seq,,1,B,255,255,204,,,,F,F,F,F,C,C,#FFFFCC,,
,,,,2,E,194,230,153,,,,C,2,E,6,9,9,#C2E699,,
,,,,3,G,120,198,121,,,,7,8,C,6,7,9,#78C679,,
,,,,4,J,35,132,67,,,,2,3,8,4,4,3,#238443,,
YlGn,5,seq,,1,B,255,255,204,,,,F,F,F,F,C,C,#FFFFCC,,
,,,,2,E,194,230,153,,,,C,2,E,6,9,9,#C2E699,,
,,,,3,G,120,198,121,,,,7,8,C,6,7,9,#78C679,,
,,,,4,I,49,163,84,,,,3,1,A,3,5,4,#31A354,,
,,,,5,K,0,104,55,,,,0,0,6,8,3,7,#006837,,
YlGn,6,seq,,1,B,255,255,204,,,,F,F,F,F,C,C,#FFFFCC,,
,,,,2,D,217,240,163,,,,D,9,F,0,A,3,#D9F0A3,,
,,,,3,F,173,221,142,,,,A,D,D,D,8,E,#ADDD8E,,
,,,,4,G,120,198,121,,,,7,8,C,6,7,9,#78C679,,
,,,,5,I,49,163,84,,,,3,1,A,3,5,4,#31A354,,
,,,,6,K,0,104,55,,,,0,0,6,8,3,7,#006837,,
YlGn,7,seq,,1,B,255,255,204,,,,F,F,F,F,C,C,#FFFFCC,,
,,,,2,D,217,240,163,,,,D,9,F,0,A,3,#D9F0A3,,
,,,,3,F,173,221,142,,,,A,D,D,D,8,E,#ADDD8E,,
,,,,4,G,120,198,121,,,,7,8,C,6,7,9,#78C679,,
,,,,5,H,65,171,93,,,,4,1,A,B,5,D,#41AB5D,,
,,,,6,J,35,132,67,,,,2,3,8,4,4,3,#238443,,
,,,,7,L,0,90,50,,,,0,0,5,A,3,2,#005A32,,
YlGn,8,seq,,1,A,255,255,229,,,,F,F,F,F,E,5,#FFFFE5,,
,,,,2,C,247,252,185,,,,F,7,F,C,B,9,#F7FCB9,,
,,,,3,D,217,240,163,,,,D,9,F,0,A,3,#D9F0A3,,
,,,,4,F,173,221,142,,,,A,D,D,D,8,E,#ADDD8E,,
,,,,5,G,120,198,121,,,,7,8,C,6,7,9,#78C679,,
,,,,6,H,65,171,93,,,,4,1,A,B,5,D,#41AB5D,,
,,,,7,J,35,132,67,,,,2,3,8,4,4,3,#238443,,
,,,,8,L,0,90,50,,,,0,0,5,A,3,2,#005A32,,
YlGn,9,seq,,1,A,255,255,229,,,,F,F,F,F,E,5,#FFFFE5,,
,,,,2,C,247,252,185,,,,F,7,F,C,B,9,#F7FCB9,,
,,,,3,D,217,240,163,,,,D,9,F,0,A,3,#D9F0A3,,
,,,,4,F,173,221,142,,,,A,D,D,D,8,E,#ADDD8E,,
,,,,5,G,120,198,121,,,,7,8,C,6,7,9,#78C679,,
,,,,6,H,65,171,93,,,,4,1,A,B,5,D,#41AB5D,,
,,,,7,J,35,132,67,,,,2,3,8,4,4,3,#238443,,
,,,,8,K,0,104,55,,,,0,0,6,8,3,7,#006837,,
,,,,9,M,0,69,41,,,,0,0,4,5,2,9,#004529,,
YlGnBu,3,seq,,1,C,237,248,177,,,,E,D,F,8,B,1,#EDF8B1,,
,,,,2,F,127,205,187,,,,7,F,C,D,B,B,#7FCDBB,,
,,,,3,I,44,127,184,,,,2,C,7,F,B,8,#2C7FB8,,
YlGnBu,4,seq,,1,B,255,255,204,,,,F,F,F,F,C,C,#FFFFCC,,
,,,,2,E,161,218,180,,,,A,1,D,A,B,4,#A1DAB4,,
,,,,3,G,65,182,196,,,,4,1,B,6,C,4,#41B6C4,,
,,,,4,J,34,94,168,,,,2,2,5,E,A,8,#225EA8,,
YlGnBu,5,seq,,1,B,255,255,204,,,,F,F,F,F,C,C,#FFFFCC,,
,,,,2,E,161,218,180,,,,A,1,D,A,B,4,#A1DAB4,,
,,,,3,G,65,182,196,,,,4,1,B,6,C,4,#41B6C4,,
,,,,4,I,44,127,184,,,,2,C,7,F,B,8,#2C7FB8,,
,,,,5,K,37,52,148,,,,2,5,3,4,9,4,#253494,,
YlGnBu,6,seq,,1,B,255,255,204,,,,F,F,F,F,C,C,#FFFFCC,,
,,,,2,D,199,233,180,,,,C,7,E,9,B,4,#C7E9B4,,
,,,,3,F,127,205,187,,,,7,F,C,D,B,B,#7FCDBB,,
,,,,4,G,65,182,196,,,,4,1,B,6,C,4,#41B6C4,,
,,,,5,I,44,127,184,,,,2,C,7,F,B,8,#2C7FB8,,
,,,,6,K,37,52,148,,,,2,5,3,4,9,4,#253494,,
YlGnBu,7,seq,,1,B,255,255,204,,,,F,F,F,F,C,C,#FFFFCC,,
,,,,2,D,199,233,180,,,,C,7,E,9,B,4,#C7E9B4,,
,,,,3,F,127,205,187,,,,7,F,C,D,B,B,#7FCDBB,,
,,,,4,G,65,182,196,,,,4,1,B,6,C,4,#41B6C4,,
,,,,5,H,29,145,192,,,,1,D,9,1,C,0,#1D91C0,,
,,,,6,J,34,94,168,,,,2,2,5,E,A,8,#225EA8,,
,,,,7,L,12,44,132,,,,0,C,2,C,8,4,#0C2C84,,
YlGnBu,8,seq,,1,A,255,255,217,,,,F,F,F,F,D,9,#FFFFD9,,
,,,,2,C,237,248,177,,,,E,D,F,8,B,1,#EDF8B1,,
,,,,3,D,199,233,180,,,,C,7,E,9,B,4,#C7E9B4,,
,,,,4,F,127,205,187,,,,7,F,C,D,B,B,#7FCDBB,,
,,,,5,G,65,182,196,,,,4,1,B,6,C,4,#41B6C4,,
,,,,6,H,29,145,192,,,,1,D,9,1,C,0,#1D91C0,,
,,,,7,J,34,94,168,,,,2,2,5,E,A,8,#225EA8,,
,,,,8,L,12,44,132,,,,0,C,2,C,8,4,#0C2C84,,
YlGnBu,9,seq,,1,A,255,255,217,,,,F,F,F,F,D,9,#FFFFD9,,
,,,,2,C,237,248,177,,,,E,D,F,8,B,1,#EDF8B1,,
,,,,3,D,199,233,180,,,,C,7,E,9,B,4,#C7E9B4,,
,,,,4,F,127,205,187,,,,7,F,C,D,B,B,#7FCDBB,,
,,,,5,G,65,182,196,,,,4,1,B,6,C,4,#41B6C4,,
,,,,6,H,29,145,192,,,,1,D,9,1,C,0,#1D91C0,,
,,,,7,J,34,94,168,,,,2,2,5,E,A,8,#225EA8,,
,,,,8,K,37,52,148,,,,2,5,3,4,9,4,#253494,,
,,,,9,M,8,29,88,,,,0,8,1,D,5,8,#081D58,,
GnBu,3,seq,,1,C,224,243,219,,,,E,0,F,3,D,B,#E0F3DB,,
,,,,2,F,168,221,181,,,,A,8,D,D,B,5,#A8DDB5,,
,,,,3,I,67,162,202,,,,4,3,A,2,C,A,#43A2CA,,
GnBu,4,seq,,1,B,240,249,232,,,,F,0,F,9,E,8,#F0F9E8,,
,,,,2,E,186,228,188,,,,B,A,E,4,B,C,#BAE4BC,,
,,,,3,G,123,204,196,,,,7,B,C,C,C,4,#7BCCC4,,
,,,,4,J,43,140,190,,,,2,B,8,C,B,E,#2B8CBE,,
GnBu,5,seq,,1,B,240,249,232,,,,F,0,F,9,E,8,#F0F9E8,,
,,,,2,E,186,228,188,,,,B,A,E,4,B,C,#BAE4BC,,
,,,,3,G,123,204,196,,,,7,B,C,C,C,4,#7BCCC4,,
,,,,4,I,67,162,202,,,,4,3,A,2,C,A,#43A2CA,,
,,,,5,K,8,104,172,,,,0,8,6,8,A,C,#0868AC,,
GnBu,6,seq,,1,B,240,249,232,,,,F,0,F,9,E,8,#F0F9E8,,
,,,,2,D,204,235,197,,,,C,C,E,B,C,5,#CCEBC5,,
,,,,3,F,168,221,181,,,,A,8,D,D,B,5,#A8DDB5,,
,,,,4,G,123,204,196,,,,7,B,C,C,C,4,#7BCCC4,,
,,,,5,I,67,162,202,,,,4,3,A,2,C,A,#43A2CA,,
,,,,6,K,8,104,172,,,,0,8,6,8,A,C,#0868AC,,
GnBu,7,seq,,1,B,240,249,232,,,,F,0,F,9,E,8,#F0F9E8,,
,,,,2,D,204,235,197,,,,C,C,E,B,C,5,#CCEBC5,,
,,,,3,F,168,221,181,,,,A,8,D,D,B,5,#A8DDB5,,
,,,,4,G,123,204,196,,,,7,B,C,C,C,4,#7BCCC4,,
,,,,5,H,78,179,211,,,,4,E,B,3,D,3,#4EB3D3,,
,,,,6,J,43,140,190,,,,2,B,8,C,B,E,#2B8CBE,,
,,,,7,L,8,88,158,,,,0,8,5,8,9,E,#08589E,,
GnBu,8,seq,,1,A,247,252,240,,,,F,7,F,C,F,0,#F7FCF0,,
,,,,2,C,224,243,219,,,,E,0,F,3,D,B,#E0F3DB,,
,,,,3,D,204,235,197,,,,C,C,E,B,C,5,#CCEBC5,,
,,,,4,F,168,221,181,,,,A,8,D,D,B,5,#A8DDB5,,
,,,,5,G,123,204,196,,,,7,B,C,C,C,4,#7BCCC4,,
,,,,6,H,78,179,211,,,,4,E,B,3,D,3,#4EB3D3,,
,,,,7,J,43,140,190,,,,2,B,8,C,B,E,#2B8CBE,,
,,,,8,L,8,88,158,,,,0,8,5,8,9,E,#08589E,,
GnBu,9,seq,,1,A,247,252,240,,,,F,7,F,C,F,0,#F7FCF0,,
,,,,2,C,224,243,219,,,,E,0,F,3,D,B,#E0F3DB,,
,,,,3,D,204,235,197,,,,C,C,E,B,C,5,#CCEBC5,,
,,,,4,F,168,221,181,,,,A,8,D,D,B,5,#A8DDB5,,
,,,,5,G,123,204,196,,,,7,B,C,C,C,4,#7BCCC4,,
,,,,6,H,78,179,211,,,,4,E,B,3,D,3,#4EB3D3,,
,,,,7,J,43,140,190,,,,2,B,8,C,B,E,#2B8CBE,,
,,,,8,K,8,104,172,,,,0,8,6,8,A,C,#0868AC,,
,,,,9,M,8,64,129,,,,0,8,4,0,8,1,#084081,,
BuGn,3,seq,,1,C,229,245,249,,,,E,5,F,5,F,9,#E5F5F9,,
,,,,2,F,153,216,201,,,,9,9,D,8,C,9,#99D8C9,,
,,,,3,I,44,162,95,,,,2,C,A,2,5,F,#2CA25F,,
BuGn,4,seq,,1,B,237,248,251,,,,E,D,F,8,F,B,#EDF8FB,,
,,,,2,E,178,226,226,,,,B,2,E,2,E,2,#B2E2E2,,
,,,,3,G,102,194,164,,,,6,6,C,2,A,4,#66C2A4,,
,,,,4,J,35,139,69,,,,2,3,8,B,4,5,#238B45,,
BuGn,5,seq,,1,B,237,248,251,,,,E,D,F,8,F,B,#EDF8FB,,
,,,,2,E,178,226,226,,,,B,2,E,2,E,2,#B2E2E2,,
,,,,3,G,102,194,164,,,,6,6,C,2,A,4,#66C2A4,,
,,,,4,I,44,162,95,,,,2,C,A,2,5,F,#2CA25F,,
,,,,5,K,0,109,44,,,,0,0,6,D,2,C,#006D2C,,
BuGn,6,seq,,1,B,237,248,251,,,,E,D,F,8,F,B,#EDF8FB,,
,,,,2,D,204,236,230,,,,C,C,E,C,E,6,#CCECE6,,
,,,,3,F,153,216,201,,,,9,9,D,8,C,9,#99D8C9,,
,,,,4,G,102,194,164,,,,6,6,C,2,A,4,#66C2A4,,
,,,,5,I,44,162,95,,,,2,C,A,2,5,F,#2CA25F,,
,,,,6,K,0,109,44,,,,0,0,6,D,2,C,#006D2C,,
BuGn,7,seq,,1,B,237,248,251,,,,E,D,F,8,F,B,#EDF8FB,,
,,,,2,D,204,236,230,,,,C,C,E,C,E,6,#CCECE6,,
,,,,3,F,153,216,201,,,,9,9,D,8,C,9,#99D8C9,,
,,,,4,G,102,194,164,,,,6,6,C,2,A,4,#66C2A4,,
,,,,5,H,65,174,118,,,,4,1,A,E,7,6,#41AE76,,
,,,,6,J,35,139,69,,,,2,3,8,B,4,5,#238B45,,
,,,,7,L,0,88,36,,,,0,0,5,8,2,4,#005824,,
BuGn,8,seq,,1,A,247,252,253,,,,F,7,F,C,F,D,#F7FCFD,,
,,,,2,C,229,245,249,,,,E,5,F,5,F,9,#E5F5F9,,
,,,,3,D,204,236,230,,,,C,C,E,C,E,6,#CCECE6,,
,,,,4,F,153,216,201,,,,9,9,D,8,C,9,#99D8C9,,
,,,,5,G,102,194,164,,,,6,6,C,2,A,4,#66C2A4,,
,,,,6,H,65,174,118,,,,4,1,A,E,7,6,#41AE76,,
,,,,7,J,35,139,69,,,,2,3,8,B,4,5,#238B45,,
,,,,8,L,0,88,36,,,,0,0,5,8,2,4,#005824,,
BuGn,9,seq,,1,A,247,252,253,,,,F,7,F,C,F,D,#F7FCFD,,
,,,,2,C,229,245,249,,,,E,5,F,5,F,9,#E5F5F9,,
,,,,3,D,204,236,230,,,,C,C,E,C,E,6,#CCECE6,,
,,,,4,F,153,216,201,,,,9,9,D,8,C,9,#99D8C9,,
,,,,5,G,102,194,164,,,,6,6,C,2,A,4,#66C2A4,,
,,,,6,H,65,174,118,,,,4,1,A,E,7,6,#41AE76,,
,,,,7,J,35,139,69,,,,2,3,8,B,4,5,#238B45,,
,,,,8,K,0,109,44,,,,0,0,6,D,2,C,#006D2C,,
,,,,9,M,0,68,27,,,,0,0,4,4,1,B,#00441B,,
PuBuGn,3,seq,,1,C,236,226,240,,,,E,C,E,2,F,0,#ECE2F0,,
,,,,2,F,166,189,219,,,,A,6,B,D,D,B,#A6BDDB,,
,,,,3,I,28,144,153,,,,1,C,9,0,9,9,#1C9099,,
PuBuGn,4,seq,,1,B,246,239,247,,,,F,6,E,F,F,7,#F6EFF7,,
,,,,2,E,189,201,225,,,,B,D,C,9,E,1,#BDC9E1,,
,,,,3,G,103,169,207,,,,6,7,A,9,C,F,#67A9CF,,
,,,,4,J,2,129,138,,,,0,2,8,1,8,A,#02818A,,
PuBuGn,5,seq,,1,B,246,239,247,,,,F,6,E,F,F,7,#F6EFF7,,
,,,,2,E,189,201,225,,,,B,D,C,9,E,1,#BDC9E1,,
,,,,3,G,103,169,207,,,,6,7,A,9,C,F,#67A9CF,,
,,,,4,I,28,144,153,,,,1,C,9,0,9,9,#1C9099,,
,,,,5,K,1,108,89,,,,0,1,6,C,5,9,#016C59,,
PuBuGn,6,seq,,1,B,246,239,247,,,,F,6,E,F,F,7,#F6EFF7,,
,,,,2,D,208,209,230,,,,D,0,D,1,E,6,#D0D1E6,,
,,,,3,F,166,189,219,,,,A,6,B,D,D,B,#A6BDDB,,
,,,,4,G,103,169,207,,,,6,7,A,9,C,F,#67A9CF,,
,,,,5,I,28,144,153,,,,1,C,9,0,9,9,#1C9099,,
,,,,6,K,1,108,89,,,,0,1,6,C,5,9,#016C59,,
PuBuGn,7,seq,,1,B,246,239,247,,,,F,6,E,F,F,7,#F6EFF7,,
,,,,2,D,208,209,230,,,,D,0,D,1,E,6,#D0D1E6,,
,,,,3,F,166,189,219,,,,A,6,B,D,D,B,#A6BDDB,,
,,,,4,G,103,169,207,,,,6,7,A,9,C,F,#67A9CF,,
,,,,5,H,54,144,192,,,,3,6,9,0,C,0,#3690C0,,
,,,,6,J,2,129,138,,,,0,2,8,1,8,A,#02818A,,
,,,,7,L,1,100,80,,,,0,1,6,4,5,0,#016450,,
PuBuGn,8,seq,,1,A,255,247,251,,,,F,F,F,7,F,B,#FFF7FB,,
,,,,2,C,236,226,240,,,,E,C,E,2,F,0,#ECE2F0,,
,,,,3,D,208,209,230,,,,D,0,D,1,E,6,#D0D1E6,,
,,,,4,F,166,189,219,,,,A,6,B,D,D,B,#A6BDDB,,
,,,,5,G,103,169,207,,,,6,7,A,9,C,F,#67A9CF,,
,,,,6,H,54,144,192,,,,3,6,9,0,C,0,#3690C0,,
,,,,7,J,2,129,138,,,,0,2,8,1,8,A,#02818A,,
,,,,8,L,1,100,80,,,,0,1,6,4,5,0,#016450,,
PuBuGn,9,seq,,1,A,255,247,251,,,,F,F,F,7,F,B,#FFF7FB,,
,,,,2,C,236,226,240,,,,E,C,E,2,F,0,#ECE2F0,,
,,,,3,D,208,209,230,,,,D,0,D,1,E,6,#D0D1E6,,
,,,,4,F,166,189,219,,,,A,6,B,D,D,B,#A6BDDB,,
,,,,5,G,103,169,207,,,,6,7,A,9,C,F,#67A9CF,,
,,,,6,H,54,144,192,,,,3,6,9,0,C,0,#3690C0,,
,,,,7,J,2,129,138,,,,0,2,8,1,8,A,#02818A,,
,,,,8,K,1,108,89,,,,0,1,6,C,5,9,#016C59,,
,,,,9,M,1,70,54,,,,0,1,4,6,3,6,#014636,,
PuBu,3,seq,,1,C,236,231,242,,,,E,C,E,7,F,2,#ECE7F2,,
,,,,2,F,166,189,219,,,,A,6,B,D,D,B,#A6BDDB,,
,,,,3,I,43,140,190,,,,2,B,8,C,B,E,#2B8CBE,,
PuBu,4,seq,,1,B,241,238,246,,,,F,1,E,E,F,6,#F1EEF6,,
,,,,2,E,189,201,225,,,,B,D,C,9,E,1,#BDC9E1,,
,,,,3,G,116,169,207,,,,7,4,A,9,C,F,#74A9CF,,
,,,,4,J,5,112,176,,,,0,5,7,0,B,0,#0570B0,,
PuBu,5,seq,,1,B,241,238,246,,,,F,1,E,E,F,6,#F1EEF6,,
,,,,2,E,189,201,225,,,,B,D,C,9,E,1,#BDC9E1,,
,,,,3,G,116,169,207,,,,7,4,A,9,C,F,#74A9CF,,
,,,,4,I,43,140,190,,,,2,B,8,C,B,E,#2B8CBE,,
,,,,5,K,4,90,141,,,,0,4,5,A,8,D,#045A8D,,
PuBu,6,seq,,1,B,241,238,246,,,,F,1,E,E,F,6,#F1EEF6,,
,,,,2,D,208,209,230,,,,D,0,D,1,E,6,#D0D1E6,,
,,,,3,F,166,189,219,,,,A,6,B,D,D,B,#A6BDDB,,
,,,,4,G,116,169,207,,,,7,4,A,9,C,F,#74A9CF,,
,,,,5,I,43,140,190,,,,2,B,8,C,B,E,#2B8CBE,,
,,,,6,K,4,90,141,,,,0,4,5,A,8,D,#045A8D,,
PuBu,7,seq,,1,B,241,238,246,,,,F,1,E,E,F,6,#F1EEF6,,
,,,,2,D,208,209,230,,,,D,0,D,1,E,6,#D0D1E6,,
,,,,3,F,166,189,219,,,,A,6,B,D,D,B,#A6BDDB,,
,,,,4,G,116,169,207,,,,7,4,A,9,C,F,#74A9CF,,
,,,,5,H,54,144,192,,,,3,6,9,0,C,0,#3690C0,,
,,,,6,J,5,112,176,,,,0,5,7,0,B,0,#0570B0,,
,,,,7,L,3,78,123,,,,0,3,4,E,7,B,#034E7B,,
PuBu,8,seq,,1,A,255,247,251,,,,F,F,F,7,F,B,#FFF7FB,,
,,,,2,C,236,231,242,,,,E,C,E,7,F,2,#ECE7F2,,
,,,,3,D,208,209,230,,,,D,0,D,1,E,6,#D0D1E6,,
,,,,4,F,166,189,219,,,,A,6,B,D,D,B,#A6BDDB,,
,,,,5,G,116,169,207,,,,7,4,A,9,C,F,#74A9CF,,
,,,,6,H,54,144,192,,,,3,6,9,0,C,0,#3690C0,,
,,,,7,J,5,112,176,,,,0,5,7,0,B,0,#0570B0,,
,,,,8,L,3,78,123,,,,0,3,4,E,7,B,#034E7B,,
PuBu,9,seq,,1,A,255,247,251,,,,F,F,F,7,F,B,#FFF7FB,,
,,,,2,C,236,231,242,,,,E,C,E,7,F,2,#ECE7F2,,
,,,,3,D,208,209,230,,,,D,0,D,1,E,6,#D0D1E6,,
,,,,4,F,166,189,219,,,,A,6,B,D,D,B,#A6BDDB,,
,,,,5,G,116,169,207,,,,7,4,A,9,C,F,#74A9CF,,
,,,,6,H,54,144,192,,,,3,6,9,0,C,0,#3690C0,,
,,,,7,J,5,112,176,,,,0,5,7,0,B,0,#0570B0,,
,,,,8,K,4,90,141,,,,0,4,5,A,8,D,#045A8D,,
,,,,9,M,2,56,88,,,,0,2,3,8,5,8,#023858,,
BuPu,3,seq,,1,C,224,236,244,,,,E,0,E,C,F,4,#E0ECF4,,
,,,,2,F,158,188,218,,,,9,E,B,C,D,A,#9EBCDA,,
,,,,3,I,136,86,167,,,,8,8,5,6,A,7,#8856A7,,
BuPu,4,seq,,1,B,237,248,251,,,,E,D,F,8,F,B,#EDF8FB,,
,,,,2,E,179,205,227,,,,B,3,C,D,E,3,#B3CDE3,,
,,,,3,G,140,150,198,,,,8,C,9,6,C,6,#8C96C6,,
,,,,4,J,136,65,157,,,,8,8,4,1,9,D,#88419D,,
BuPu,5,seq,,1,B,237,248,251,,,,E,D,F,8,F,B,#EDF8FB,,
,,,,2,E,179,205,227,,,,B,3,C,D,E,3,#B3CDE3,,
,,,,3,G,140,150,198,,,,8,C,9,6,C,6,#8C96C6,,
,,,,4,I,136,86,167,,,,8,8,5,6,A,7,#8856A7,,
,,,,5,K,129,15,124,,,,8,1,0,F,7,C,#810F7C,,
BuPu,6,seq,,1,B,237,248,251,,,,E,D,F,8,F,B,#EDF8FB,,
,,,,2,D,191,211,230,,,,B,F,D,3,E,6,#BFD3E6,,
,,,,3,F,158,188,218,,,,9,E,B,C,D,A,#9EBCDA,,
,,,,4,G,140,150,198,,,,8,C,9,6,C,6,#8C96C6,,
,,,,5,I,136,86,167,,,,8,8,5,6,A,7,#8856A7,,
,,,,6,K,129,15,124,,,,8,1,0,F,7,C,#810F7C,,
BuPu,7,seq,,1,B,237,248,251,,,,E,D,F,8,F,B,#EDF8FB,,
,,,,2,D,191,211,230,,,,B,F,D,3,E,6,#BFD3E6,,
,,,,3,F,158,188,218,,,,9,E,B,C,D,A,#9EBCDA,,
,,,,4,G,140,150,198,,,,8,C,9,6,C,6,#8C96C6,,
,,,,5,H,140,107,177,,,,8,C,6,B,B,1,#8C6BB1,,
,,,,6,J,136,65,157,,,,8,8,4,1,9,D,#88419D,,
,,,,7,L,110,1,107,,,,6,E,0,1,6,B,#6E016B,,
BuPu,8,seq,,1,A,247,252,253,,,,F,7,F,C,F,D,#F7FCFD,,
,,,,2,C,224,236,244,,,,E,0,E,C,F,4,#E0ECF4,,
,,,,3,D,191,211,230,,,,B,F,D,3,E,6,#BFD3E6,,
,,,,4,F,158,188,218,,,,9,E,B,C,D,A,#9EBCDA,,
,,,,5,G,140,150,198,,,,8,C,9,6,C,6,#8C96C6,,
,,,,6,H,140,107,177,,,,8,C,6,B,B,1,#8C6BB1,,
,,,,7,J,136,65,157,,,,8,8,4,1,9,D,#88419D,,
,,,,8,L,110,1,107,,,,6,E,0,1,6,B,#6E016B,,
BuPu,9,seq,,1,A,247,252,253,,,,F,7,F,C,F,D,#F7FCFD,,
,,,,2,C,224,236,244,,,,E,0,E,C,F,4,#E0ECF4,,
,,,,3,D,191,211,230,,,,B,F,D,3,E,6,#BFD3E6,,
,,,,4,F,158,188,218,,,,9,E,B,C,D,A,#9EBCDA,,
,,,,5,G,140,150,198,,,,8,C,9,6,C,6,#8C96C6,,
,,,,6,H,140,107,177,,,,8,C,6,B,B,1,#8C6BB1,,
,,,,7,J,136,65,157,,,,8,8,4,1,9,D,#88419D,,
,,,,8,K,129,15,124,,,,8,1,0,F,7,C,#810F7C,,
,,,,9,M,77,0,75,,,,4,D,0,0,4,B,#4D004B,,
RdPu,3,seq,,1,C,253,224,221,,,,F,D,E,0,D,D,#FDE0DD,,
,,,,2,F,250,159,181,,,,F,A,9,F,B,5,#FA9FB5,,
,,,,3,I,197,27,138,,,,C,5,1,B,8,A,#C51B8A,,
RdPu,4,seq,,1,B,254,235,226,,,,F,E,E,B,E,2,#FEEBE2,,
,,,,2,E,251,180,185,,,,F,B,B,4,B,9,#FBB4B9,,
,,,,3,G,247,104,161,,,,F,7,6,8,A,1,#F768A1,,
,,,,4,J,174,1,126,,,,A,E,0,1,7,E,#AE017E,,
RdPu,5,seq,,1,B,254,235,226,,,,F,E,E,B,E,2,#FEEBE2,,
,,,,2,E,251,180,185,,,,F,B,B,4,B,9,#FBB4B9,,
,,,,3,G,247,104,161,,,,F,7,6,8,A,1,#F768A1,,
,,,,4,I,197,27,138,,,,C,5,1,B,8,A,#C51B8A,,
,,,,5,K,122,1,119,,,,7,A,0,1,7,7,#7A0177,,
RdPu,6,seq,,1,B,254,235,226,,,,F,E,E,B,E,2,#FEEBE2,,
,,,,2,D,252,197,192,,,,F,C,C,5,C,0,#FCC5C0,,
,,,,3,F,250,159,181,,,,F,A,9,F,B,5,#FA9FB5,,
,,,,4,G,247,104,161,,,,F,7,6,8,A,1,#F768A1,,
,,,,5,I,197,27,138,,,,C,5,1,B,8,A,#C51B8A,,
,,,,6,K,122,1,119,,,,7,A,0,1,7,7,#7A0177,,
RdPu,7,seq,,1,B,254,235,226,,,,F,E,E,B,E,2,#FEEBE2,,
,,,,2,D,252,197,192,,,,F,C,C,5,C,0,#FCC5C0,,
,,,,3,F,250,159,181,,,,F,A,9,F,B,5,#FA9FB5,,
,,,,4,G,247,104,161,,,,F,7,6,8,A,1,#F768A1,,
,,,,5,H,221,52,151,,,,D,D,3,4,9,7,#DD3497,,
,,,,6,J,174,1,126,,,,A,E,0,1,7,E,#AE017E,,
,,,,7,L,122,1,119,,,,7,A,0,1,7,7,#7A0177,,
RdPu,8,seq,,1,A,255,247,243,,,,F,F,F,7,F,3,#FFF7F3,,
,,,,2,C,253,224,221,,,,F,D,E,0,D,D,#FDE0DD,,
,,,,3,D,252,197,192,,,,F,C,C,5,C,0,#FCC5C0,,
,,,,4,F,250,159,181,,,,F,A,9,F,B,5,#FA9FB5,,
,,,,5,G,247,104,161,,,,F,7,6,8,A,1,#F768A1,,
,,,,6,H,221,52,151,,,,D,D,3,4,9,7,#DD3497,,
,,,,7,J,174,1,126,,,,A,E,0,1,7,E,#AE017E,,
,,,,8,L,122,1,119,,,,7,A,0,1,7,7,#7A0177,,
RdPu,9,seq,,1,A,255,247,243,,,,F,F,F,7,F,3,#FFF7F3,,
,,,,2,C,253,224,221,,,,F,D,E,0,D,D,#FDE0DD,,
,,,,3,D,252,197,192,,,,F,C,C,5,C,0,#FCC5C0,,
,,,,4,F,250,159,181,,,,F,A,9,F,B,5,#FA9FB5,,
,,,,5,G,247,104,161,,,,F,7,6,8,A,1,#F768A1,,
,,,,6,H,221,52,151,,,,D,D,3,4,9,7,#DD3497,,
,,,,7,J,174,1,126,,,,A,E,0,1,7,E,#AE017E,,
,,,,8,K,122,1,119,,,,7,A,0,1,7,7,#7A0177,,
,,,,9,M,73,0,106,,,,4,9,0,0,6,A,#49006A,,
PuRd,3,seq,,1,C,231,225,239,,,,E,7,E,1,E,F,#E7E1EF,,
,,,,2,F,201,148,199,,,,C,9,9,4,C,7,#C994C7,,
,,,,3,I,221,28,119,,,,D,D,1,C,7,7,#DD1C77,,
PuRd,4,seq,,1,B,241,238,246,,,,F,1,E,E,F,6,#F1EEF6,,
,,,,2,E,215,181,216,,,,D,7,B,5,D,8,#D7B5D8,,
,,,,3,G,223,101,176,,,,D,F,6,5,B,0,#DF65B0,,
,,,,4,J,206,18,86,,,,C,E,1,2,5,6,#CE1256,,
PuRd,5,seq,,1,B,241,238,246,,,,F,1,E,E,F,6,#F1EEF6,,
,,,,2,E,215,181,216,,,,D,7,B,5,D,8,#D7B5D8,,
,,,,3,G,223,101,176,,,,D,F,6,5,B,0,#DF65B0,,
,,,,4,I,221,28,119,,,,D,D,1,C,7,7,#DD1C77,,
,,,,5,K,152,0,67,,,,9,8,0,0,4,3,#980043,,
PuRd,6,seq,,1,B,241,238,246,,,,F,1,E,E,F,6,#F1EEF6,,
,,,,2,D,212,185,218,,,,D,4,B,9,D,A,#D4B9DA,,
,,,,3,F,201,148,199,,,,C,9,9,4,C,7,#C994C7,,
,,,,4,G,223,101,176,,,,D,F,6,5,B,0,#DF65B0,,
,,,,5,I,221,28,119,,,,D,D,1,C,7,7,#DD1C77,,
,,,,6,K,152,0,67,,,,9,8,0,0,4,3,#980043,,
PuRd,7,seq,,1,B,241,238,246,,,,F,1,E,E,F,6,#F1EEF6,,
,,,,2,D,212,185,218,,,,D,4,B,9,D,A,#D4B9DA,,
,,,,3,F,201,148,199,,,,C,9,9,4,C,7,#C994C7,,
,,,,4,G,223,101,176,,,,D,F,6,5,B,0,#DF65B0,,
,,,,5,H,231,41,138,,,,E,7,2,9,8,A,#E7298A,,
,,,,6,J,206,18,86,,,,C,E,1,2,5,6,#CE1256,,
,,,,7,L,145,0,63,,,,9,1,0,0,3,F,#91003F,,
PuRd,8,seq,,1,A,247,244,249,,,,F,7,F,4,F,9,#F7F4F9,,
,,,,2,C,231,225,239,,,,E,7,E,1,E,F,#E7E1EF,,
,,,,3,D,212,185,218,,,,D,4,B,9,D,A,#D4B9DA,,
,,,,4,F,201,148,199,,,,C,9,9,4,C,7,#C994C7,,
,,,,5,G,223,101,176,,,,D,F,6,5,B,0,#DF65B0,,
,,,,6,H,231,41,138,,,,E,7,2,9,8,A,#E7298A,,
,,,,7,J,206,18,86,,,,C,E,1,2,5,6,#CE1256,,
,,,,8,L,145,0,63,,,,9,1,0,0,3,F,#91003F,,
PuRd,9,seq,,1,A,247,244,249,,,,F,7,F,4,F,9,#F7F4F9,,
,,,,2,C,231,225,239,,,,E,7,E,1,E,F,#E7E1EF,,
,,,,3,D,212,185,218,,,,D,4,B,9,D,A,#D4B9DA,,
,,,,4,F,201,148,199,,,,C,9,9,4,C,7,#C994C7,,
,,,,5,G,223,101,176,,,,D,F,6,5,B,0,#DF65B0,,
,,,,6,H,231,41,138,,,,E,7,2,9,8,A,#E7298A,,
,,,,7,J,206,18,86,,,,C,E,1,2,5,6,#CE1256,,
,,,,8,K,152,0,67,,,,9,8,0,0,4,3,#980043,,
,,,,9,M,103,0,31,,,,6,7,0,0,1,F,#67001F,,
OrRd,3,seq,,1,C,254,232,200,,,,F,E,E,8,C,8,#FEE8C8,,
,,,,2,F,253,187,132,,,,F,D,B,B,8,4,#FDBB84,,
,,,,3,I,227,74,51,,,,E,3,4,A,3,3,#E34A33,,
OrRd,4,seq,,1,B,254,240,217,,,,F,E,F,0,D,9,#FEF0D9,,
,,,,2,E,253,204,138,,,,F,D,C,C,8,A,#FDCC8A,,
,,,,3,G,252,141,89,,,,F,C,8,D,5,9,#FC8D59,,
,,,,4,J,215,48,31,,,,D,7,3,0,1,F,#D7301F,,
OrRd,5,seq,,1,B,254,240,217,,,,F,E,F,0,D,9,#FEF0D9,,
,,,,2,E,253,204,138,,,,F,D,C,C,8,A,#FDCC8A,,
,,,,3,G,252,141,89,,,,F,C,8,D,5,9,#FC8D59,,
,,,,4,I,227,74,51,,,,E,3,4,A,3,3,#E34A33,,
,,,,5,K,179,0,0,,,,B,3,0,0,0,0,#B30000,,
OrRd,6,seq,,1,B,254,240,217,,,,F,E,F,0,D,9,#FEF0D9,,
,,,,2,D,253,212,158,,,,F,D,D,4,9,E,#FDD49E,,
,,,,3,F,253,187,132,,,,F,D,B,B,8,4,#FDBB84,,
,,,,4,G,252,141,89,,,,F,C,8,D,5,9,#FC8D59,,
,,,,5,I,227,74,51,,,,E,3,4,A,3,3,#E34A33,,
,,,,6,K,179,0,0,,,,B,3,0,0,0,0,#B30000,,
OrRd,7,seq,,1,B,254,240,217,,,,F,E,F,0,D,9,#FEF0D9,,
,,,,2,D,253,212,158,,,,F,D,D,4,9,E,#FDD49E,,
,,,,3,F,253,187,132,,,,F,D,B,B,8,4,#FDBB84,,
,,,,4,G,252,141,89,,,,F,C,8,D,5,9,#FC8D59,,
,,,,5,H,239,101,72,,,,E,F,6,5,4,8,#EF6548,,
,,,,6,J,215,48,31,,,,D,7,3,0,1,F,#D7301F,,
,,,,7,L,153,0,0,,,,9,9,0,0,0,0,#990000,,
OrRd,8,seq,,1,A,255,247,236,,,,F,F,F,7,E,C,#FFF7EC,,
,,,,2,C,254,232,200,,,,F,E,E,8,C,8,#FEE8C8,,
,,,,3,D,253,212,158,,,,F,D,D,4,9,E,#FDD49E,,
,,,,4,F,253,187,132,,,,F,D,B,B,8,4,#FDBB84,,
,,,,5,G,252,141,89,,,,F,C,8,D,5,9,#FC8D59,,
,,,,6,H,239,101,72,,,,E,F,6,5,4,8,#EF6548,,
,,,,7,J,215,48,31,,,,D,7,3,0,1,F,#D7301F,,
,,,,8,L,153,0,0,,,,9,9,0,0,0,0,#990000,,
OrRd,9,seq,,1,A,255,247,236,,,,F,F,F,7,E,C,#FFF7EC,,
,,,,2,C,254,232,200,,,,F,E,E,8,C,8,#FEE8C8,,
,,,,3,D,253,212,158,,,,F,D,D,4,9,E,#FDD49E,,
,,,,4,F,253,187,132,,,,F,D,B,B,8,4,#FDBB84,,
,,,,5,G,252,141,89,,,,F,C,8,D,5,9,#FC8D59,,
,,,,6,H,239,101,72,,,,E,F,6,5,4,8,#EF6548,,
,,,,7,J,215,48,31,,,,D,7,3,0,1,F,#D7301F,,
,,,,8,K,179,0,0,,,,B,3,0,0,0,0,#B30000,,
,,,,9,M,127,0,0,,,,7,F,0,0,0,0,#7F0000,,
YlOrRd,3,seq,,1,C,255,237,160,,,,F,F,E,D,A,0,#FFEDA0,,
,,,,2,F,254,178,76,,,,F,E,B,2,4,C,#FEB24C,,
,,,,3,I,240,59,32,,,,F,0,3,B,2,0,#F03B20,,
YlOrRd,4,seq,,1,B,255,255,178,,,,F,F,F,F,B,2,#FFFFB2,,
,,,,2,E,254,204,92,,,,F,E,C,C,5,C,#FECC5C,,
,,,,3,G,253,141,60,,,,F,D,8,D,3,C,#FD8D3C,,
,,,,4,J,227,26,28,,,,E,3,1,A,1,C,#E31A1C,,
YlOrRd,5,seq,,1,B,255,255,178,,,,F,F,F,F,B,2,#FFFFB2,,
,,,,2,E,254,204,92,,,,F,E,C,C,5,C,#FECC5C,,
,,,,3,G,253,141,60,,,,F,D,8,D,3,C,#FD8D3C,,
,,,,4,I,240,59,32,,,,F,0,3,B,2,0,#F03B20,,
,,,,5,K,189,0,38,,,,B,D,0,0,2,6,#BD0026,,
YlOrRd,6,seq,,1,B,255,255,178,,,,F,F,F,F,B,2,#FFFFB2,,
,,,,2,D,254,217,118,,,,F,E,D,9,7,6,#FED976,,
,,,,3,F,254,178,76,,,,F,E,B,2,4,C,#FEB24C,,
,,,,4,G,253,141,60,,,,F,D,8,D,3,C,#FD8D3C,,
,,,,5,I,240,59,32,,,,F,0,3,B,2,0,#F03B20,,
,,,,6,K,189,0,38,,,,B,D,0,0,2,6,#BD0026,,
YlOrRd,7,seq,,1,B,255,255,178,,,,F,F,F,F,B,2,#FFFFB2,,
,,,,2,D,254,217,118,,,,F,E,D,9,7,6,#FED976,,
,,,,3,F,254,178,76,,,,F,E,B,2,4,C,#FEB24C,,
,,,,4,G,253,141,60,,,,F,D,8,D,3,C,#FD8D3C,,
,,,,5,H,252,78,42,,,,F,C,4,E,2,A,#FC4E2A,,
,,,,6,J,227,26,28,,,,E,3,1,A,1,C,#E31A1C,,
,,,,7,L,177,0,38,,,,B,1,0,0,2,6,#B10026,,
YlOrRd,8,seq,,1,A,255,255,204,,,,F,F,F,F,C,C,#FFFFCC,,
,,,,2,C,255,237,160,,,,F,F,E,D,A,0,#FFEDA0,,
,,,,3,D,254,217,118,,,,F,E,D,9,7,6,#FED976,,
,,,,4,F,254,178,76,,,,F,E,B,2,4,C,#FEB24C,,
,,,,5,G,253,141,60,,,,F,D,8,D,3,C,#FD8D3C,,
,,,,6,H,252,78,42,,,,F,C,4,E,2,A,#FC4E2A,,
,,,,7,J,227,26,28,,,,E,3,1,A,1,C,#E31A1C,,
,,,,8,L,177,0,38,,,,B,1,0,0,2,6,#B10026,,
YlOrRd,9,seq,,1,A,255,255,204,,,,F,F,F,F,C,C,#FFFFCC,,
,,,,2,C,255,237,160,,,,F,F,E,D,A,0,#FFEDA0,,
,,,,3,D,254,217,118,,,,F,E,D,9,7,6,#FED976,,
,,,,4,F,254,178,76,,,,F,E,B,2,4,C,#FEB24C,,
,,,,5,G,253,141,60,,,,F,D,8,D,3,C,#FD8D3C,,
,,,,6,H,252,78,42,,,,F,C,4,E,2,A,#FC4E2A,,
,,,,7,J,227,26,28,,,,E,3,1,A,1,C,#E31A1C,,
,,,,8,K,189,0,38,,,,B,D,0,0,2,6,#BD0026,,
,,,,9,M,128,0,38,,,,8,0,0,0,2,6,#800026,,
YlOrBr,3,seq,,1,C,255,247,188,,,,F,F,F,7,B,C,#FFF7BC,,
,,,,2,F,254,196,79,,,,F,E,C,4,4,F,#FEC44F,,
,,,,3,I,217,95,14,,,,D,9,5,F,0,E,#D95F0E,,
YlOrBr,4,seq,,1,B,255,255,212,,,,F,F,F,F,D,4,#FFFFD4,,
,,,,2,E,254,217,142,,,,F,E,D,9,8,E,#FED98E,,
,,,,3,G,254,153,41,,,,F,E,9,9,2,9,#FE9929,,
,,,,4,J,204,76,2,,,,C,C,4,C,0,2,#CC4C02,,
YlOrBr,5,seq,,1,B,255,255,212,,,,F,F,F,F,D,4,#FFFFD4,,
,,,,2,E,254,217,142,,,,F,E,D,9,8,E,#FED98E,,
,,,,3,G,254,153,41,,,,F,E,9,9,2,9,#FE9929,,
,,,,4,I,217,95,14,,,,D,9,5,F,0,E,#D95F0E,,
,,,,5,K,153,52,4,,,,9,9,3,4,0,4,#993404,,
YlOrBr,6,seq,,1,B,255,255,212,,,,F,F,F,F,D,4,#FFFFD4,,
,,,,2,D,254,227,145,,,,F,E,E,3,9,1,#FEE391,,
,,,,3,F,254,196,79,,,,F,E,C,4,4,F,#FEC44F,,
,,,,4,G,254,153,41,,,,F,E,9,9,2,9,#FE9929,,
,,,,5,I,217,95,14,,,,D,9,5,F,0,E,#D95F0E,,
,,,,6,K,153,52,4,,,,9,9,3,4,0,4,#993404,,
YlOrBr,7,seq,,1,B,255,255,212,,,,F,F,F,F,D,4,#FFFFD4,,
,,,,2,D,254,227,145,,,,F,E,E,3,9,1,#FEE391,,
,,,,3,F,254,196,79,,,,F,E,C,4,4,F,#FEC44F,,
,,,,4,G,254,153,41,,,,F,E,9,9,2,9,#FE9929,,
,,,,5,H,236,112,20,,,,E,C,7,0,1,4,#EC7014,,
,,,,6,J,204,76,2,,,,C,C,4,C,0,2,#CC4C02,,
,,,,7,L,140,45,4,,,,8,C,2,D,0,4,#8C2D04,,
YlOrBr,8,seq,,1,A,255,255,229,,,,F,F,F,F,E,5,#FFFFE5,,
,,,,2,C,255,247,188,,,,F,F,F,7,B,C,#FFF7BC,,
,,,,3,D,254,227,145,,,,F,E,E,3,9,1,#FEE391,,
,,,,4,F,254,196,79,,,,F,E,C,4,4,F,#FEC44F,,
,,,,5,G,254,153,41,,,,F,E,9,9,2,9,#FE9929,,
,,,,6,H,236,112,20,,,,E,C,7,0,1,4,#EC7014,,
,,,,7,J,204,76,2,,,,C,C,4,C,0,2,#CC4C02,,
,,,,8,L,140,45,4,,,,8,C,2,D,0,4,#8C2D04,,
YlOrBr,9,seq,,1,A,255,255,229,,,,F,F,F,F,E,5,#FFFFE5,,
,,,,2,C,255,247,188,,,,F,F,F,7,B,C,#FFF7BC,,
,,,,3,D,254,227,145,,,,F,E,E,3,9,1,#FEE391,,
,,,,4,F,254,196,79,,,,F,E,C,4,4,F,#FEC44F,,
,,,,5,G,254,153,41,,,,F,E,9,9,2,9,#FE9929,,
,,,,6,H,236,112,20,,,,E,C,7,0,1,4,#EC7014,,
,,,,7,J,204,76,2,,,,C,C,4,C,0,2,#CC4C02,,
,,,,8,K,153,52,4,,,,9,9,3,4,0,4,#993404,,
,,,,9,M,102,37,6,,,,6,6,2,5,0,6,#662506,,
Purples,3,seq,,1,C,239,237,245,,,,E,F,E,D,F,5,#EFEDF5,,
,,,,2,F,188,189,220,,,,B,C,B,D,D,C,#BCBDDC,,
,,,,3,I,117,107,177,,,,7,5,6,B,B,1,#756BB1,,
Purples,4,seq,,1,B,242,240,247,,,,F,2,F,0,F,7,#F2F0F7,,
,,,,2,E,203,201,226,,,,C,B,C,9,E,2,#CBC9E2,,
,,,,3,G,158,154,200,,,,9,E,9,A,C,8,#9E9AC8,,
,,,,4,J,106,81,163,,,,6,A,5,1,A,3,#6A51A3,,
Purples,5,seq,,1,B,242,240,247,,,,F,2,F,0,F,7,#F2F0F7,,
,,,,2,E,203,201,226,,,,C,B,C,9,E,2,#CBC9E2,,
,,,,3,G,158,154,200,,,,9,E,9,A,C,8,#9E9AC8,,
,,,,4,I,117,107,177,,,,7,5,6,B,B,1,#756BB1,,
,,,,5,K,84,39,143,,,,5,4,2,7,8,F,#54278F,,
Purples,6,seq,,1,B,242,240,247,,,,F,2,F,0,F,7,#F2F0F7,,
,,,,2,D,218,218,235,,,,D,A,D,A,E,B,#DADAEB,,
,,,,3,F,188,189,220,,,,B,C,B,D,D,C,#BCBDDC,,
,,,,4,G,158,154,200,,,,9,E,9,A,C,8,#9E9AC8,,
,,,,5,I,117,107,177,,,,7,5,6,B,B,1,#756BB1,,
,,,,6,K,84,39,143,,,,5,4,2,7,8,F,#54278F,,
Purples,7,seq,,1,B,242,240,247,,,,F,2,F,0,F,7,#F2F0F7,,
,,,,2,D,218,218,235,,,,D,A,D,A,E,B,#DADAEB,,
,,,,3,F,188,189,220,,,,B,C,B,D,D,C,#BCBDDC,,
,,,,4,G,158,154,200,,,,9,E,9,A,C,8,#9E9AC8,,
,,,,5,H,128,125,186,,,,8,0,7,D,B,A,#807DBA,,
,,,,6,J,106,81,163,,,,6,A,5,1,A,3,#6A51A3,,
,,,,7,L,74,20,134,,,,4,A,1,4,8,6,#4A1486,,
Purples,8,seq,,1,A,252,251,253,,,,F,C,F,B,F,D,#FCFBFD,,
,,,,2,C,239,237,245,,,,E,F,E,D,F,5,#EFEDF5,,
,,,,3,D,218,218,235,,,,D,A,D,A,E,B,#DADAEB,,
,,,,4,F,188,189,220,,,,B,C,B,D,D,C,#BCBDDC,,
,,,,5,G,158,154,200,,,,9,E,9,A,C,8,#9E9AC8,,
,,,,6,H,128,125,186,,,,8,0,7,D,B,A,#807DBA,,
,,,,7,J,106,81,163,,,,6,A,5,1,A,3,#6A51A3,,
,,,,8,L,74,20,134,,,,4,A,1,4,8,6,#4A1486,,
Purples,9,seq,,1,A,252,251,253,,,,F,C,F,B,F,D,#FCFBFD,,
,,,,2,C,239,237,245,,,,E,F,E,D,F,5,#EFEDF5,,
,,,,3,D,218,218,235,,,,D,A,D,A,E,B,#DADAEB,,
,,,,4,F,188,189,220,,,,B,C,B,D,D,C,#BCBDDC,,
,,,,5,G,158,154,200,,,,9,E,9,A,C,8,#9E9AC8,,
,,,,6,H,128,125,186,,,,8,0,7,D,B,A,#807DBA,,
,,,,7,J,106,81,163,,,,6,A,5,1,A,3,#6A51A3,,
,,,,8,K,84,39,143,,,,5,4,2,7,8,F,#54278F,,
,,,,9,M,63,0,125,,,,3,F,0,0,7,D,#3F007D,,
Blues,3,seq,,1,C,222,235,247,,,,D,E,E,B,F,7,#DEEBF7,,
,,,,2,F,158,202,225,,,,9,E,C,A,E,1,#9ECAE1,,
,,,,3,I,49,130,189,,,,3,1,8,2,B,D,#3182BD,,
Blues,4,seq,,1,B,239,243,255,,,,E,F,F,3,F,F,#EFF3FF,,
,,,,2,E,189,215,231,,,,B,D,D,7,E,7,#BDD7E7,,
,,,,3,G,107,174,214,,,,6,B,A,E,D,6,#6BAED6,,
,,,,4,J,33,113,181,,,,2,1,7,1,B,5,#2171B5,,
Blues,5,seq,,1,B,239,243,255,,,,E,F,F,3,F,F,#EFF3FF,,
,,,,2,E,189,215,231,,,,B,D,D,7,E,7,#BDD7E7,,
,,,,3,G,107,174,214,,,,6,B,A,E,D,6,#6BAED6,,
,,,,4,I,49,130,189,,,,3,1,8,2,B,D,#3182BD,,
,,,,5,K,8,81,156,,,,0,8,5,1,9,C,#08519C,,
Blues,6,seq,,1,B,239,243,255,,,,E,F,F,3,F,F,#EFF3FF,,
,,,,2,D,198,219,239,,,,C,6,D,B,E,F,#C6DBEF,,
,,,,3,F,158,202,225,,,,9,E,C,A,E,1,#9ECAE1,,
,,,,4,G,107,174,214,,,,6,B,A,E,D,6,#6BAED6,,
,,,,5,I,49,130,189,,,,3,1,8,2,B,D,#3182BD,,
,,,,6,K,8,81,156,,,,0,8,5,1,9,C,#08519C,,
Blues,7,seq,,1,B,239,243,255,,,,E,F,F,3,F,F,#EFF3FF,,
,,,,2,D,198,219,239,,,,C,6,D,B,E,F,#C6DBEF,,
,,,,3,F,158,202,225,,,,9,E,C,A,E,1,#9ECAE1,,
,,,,4,G,107,174,214,,,,6,B,A,E,D,6,#6BAED6,,
,,,,5,H,66,146,198,,,,4,2,9,2,C,6,#4292C6,,
,,,,6,J,33,113,181,,,,2,1,7,1,B,5,#2171B5,,
,,,,7,L,8,69,148,,,,0,8,4,5,9,4,#084594,,
Blues,8,seq,,1,A,247,251,255,,,,F,7,F,B,F,F,#F7FBFF,,
,,,,2,C,222,235,247,,,,D,E,E,B,F,7,#DEEBF7,,
,,,,3,D,198,219,239,,,,C,6,D,B,E,F,#C6DBEF,,
,,,,4,F,158,202,225,,,,9,E,C,A,E,1,#9ECAE1,,
,,,,5,G,107,174,214,,,,6,B,A,E,D,6,#6BAED6,,
,,,,6,H,66,146,198,,,,4,2,9,2,C,6,#4292C6,,
,,,,7,J,33,113,181,,,,2,1,7,1,B,5,#2171B5,,
,,,,8,L,8,69,148,,,,0,8,4,5,9,4,#084594,,
Blues,9,seq,,1,A,247,251,255,,,,F,7,F,B,F,F,#F7FBFF,,
,,,,2,C,222,235,247,,,,D,E,E,B,F,7,#DEEBF7,,
,,,,3,D,198,219,239,,,,C,6,D,B,E,F,#C6DBEF,,
,,,,4,F,158,202,225,,,,9,E,C,A,E,1,#9ECAE1,,
,,,,5,G,107,174,214,,,,6,B,A,E,D,6,#6BAED6,,
,,,,6,H,66,146,198,,,,4,2,9,2,C,6,#4292C6,,
,,,,7,J,33,113,181,,,,2,1,7,1,B,5,#2171B5,,
,,,,8,K,8,81,156,,,,0,8,5,1,9,C,#08519C,,
,,,,9,M,8,48,107,,,,0,8,3,0,6,B,#08306B,,
Greens,3,seq,,1,C,229,245,224,,,,E,5,F,5,E,0,#E5F5E0,,
,,,,2,F,161,217,155,,,,A,1,D,9,9,B,#A1D99B,,
,,,,3,I,49,163,84,,,,3,1,A,3,5,4,#31A354,,
Greens,4,seq,,1,B,237,248,233,,,,E,D,F,8,E,9,#EDF8E9,,
,,,,2,E,186,228,179,,,,B,A,E,4,B,3,#BAE4B3,,
,,,,3,G,116,196,118,,,,7,4,C,4,7,6,#74C476,,
,,,,4,J,35,139,69,,,,2,3,8,B,4,5,#238B45,,
Greens,5,seq,,1,B,237,248,233,,,,E,D,F,8,E,9,#EDF8E9,,
,,,,2,E,186,228,179,,,,B,A,E,4,B,3,#BAE4B3,,
,,,,3,G,116,196,118,,,,7,4,C,4,7,6,#74C476,,
,,,,4,I,49,163,84,,,,3,1,A,3,5,4,#31A354,,
,,,,5,K,0,109,44,,,,0,0,6,D,2,C,#006D2C,,
Greens,6,seq,,1,B,237,248,233,,,,E,D,F,8,E,9,#EDF8E9,,
,,,,2,D,199,233,192,,,,C,7,E,9,C,0,#C7E9C0,,
,,,,3,F,161,217,155,,,,A,1,D,9,9,B,#A1D99B,,
,,,,4,G,116,196,118,,,,7,4,C,4,7,6,#74C476,,
,,,,5,I,49,163,84,,,,3,1,A,3,5,4,#31A354,,
,,,,6,K,0,109,44,,,,0,0,6,D,2,C,#006D2C,,
Greens,7,seq,,1,B,237,248,233,,,,E,D,F,8,E,9,#EDF8E9,,
,,,,2,D,199,233,192,,,,C,7,E,9,C,0,#C7E9C0,,
,,,,3,F,161,217,155,,,,A,1,D,9,9,B,#A1D99B,,
,,,,4,G,116,196,118,,,,7,4,C,4,7,6,#74C476,,
,,,,5,H,65,171,93,,,,4,1,A,B,5,D,#41AB5D,,
,,,,6,J,35,139,69,,,,2,3,8,B,4,5,#238B45,,
,,,,7,L,0,90,50,,,,0,0,5,A,3,2,#005A32,,
Greens,8,seq,,1,A,247,252,245,,,,F,7,F,C,F,5,#F7FCF5,,
,,,,2,C,229,245,224,,,,E,5,F,5,E,0,#E5F5E0,,
,,,,3,D,199,233,192,,,,C,7,E,9,C,0,#C7E9C0,,
,,,,4,F,161,217,155,,,,A,1,D,9,9,B,#A1D99B,,
,,,,5,G,116,196,118,,,,7,4,C,4,7,6,#74C476,,
,,,,6,H,65,171,93,,,,4,1,A,B,5,D,#41AB5D,,
,,,,7,J,35,139,69,,,,2,3,8,B,4,5,#238B45,,
,,,,8,L,0,90,50,,,,0,0,5,A,3,2,#005A32,,
Greens,9,seq,,1,A,247,252,245,,,,F,7,F,C,F,5,#F7FCF5,,
,,,,2,C,229,245,224,,,,E,5,F,5,E,0,#E5F5E0,,
,,,,3,D,199,233,192,,,,C,7,E,9,C,0,#C7E9C0,,
,,,,4,F,161,217,155,,,,A,1,D,9,9,B,#A1D99B,,
,,,,5,G,116,196,118,,,,7,4,C,4,7,6,#74C476,,
,,,,6,H,65,171,93,,,,4,1,A,B,5,D,#41AB5D,,
,,,,7,J,35,139,69,,,,2,3,8,B,4,5,#238B45,,
,,,,8,K,0,109,44,,,,0,0,6,D,2,C,#006D2C,,
,,,,9,M,0,68,27,,,,0,0,4,4,1,B,#00441B,,
Oranges,3,seq,,1,C,254,230,206,,,,F,E,E,6,C,E,#FEE6CE,,
,,,,2,F,253,174,107,,,,F,D,A,E,6,B,#FDAE6B,,
,,,,3,I,230,85,13,,,,E,6,5,5,0,D,#E6550D,,
Oranges,4,seq,,1,B,254,237,222,,,,F,E,E,D,D,E,#FEEDDE,,
,,,,2,E,253,190,133,,,,F,D,B,E,8,5,#FDBE85,,
,,,,3,G,253,141,60,,,,F,D,8,D,3,C,#FD8D3C,,
,,,,4,J,217,71,1,,,,D,9,4,7,0,1,#D94701,,
Oranges,5,seq,,1,B,254,237,222,,,,F,E,E,D,D,E,#FEEDDE,,
,,,,2,E,253,190,133,,,,F,D,B,E,8,5,#FDBE85,,
,,,,3,G,253,141,60,,,,F,D,8,D,3,C,#FD8D3C,,
,,,,4,I,230,85,13,,,,E,6,5,5,0,D,#E6550D,,
,,,,5,K,166,54,3,,,,A,6,3,6,0,3,#A63603,,
Oranges,6,seq,,1,B,254,237,222,,,,F,E,E,D,D,E,#FEEDDE,,
,,,,2,D,253,208,162,,,,F,D,D,0,A,2,#FDD0A2,,
,,,,3,F,253,174,107,,,,F,D,A,E,6,B,#FDAE6B,,
,,,,4,G,253,141,60,,,,F,D,8,D,3,C,#FD8D3C,,
,,,,5,I,230,85,13,,,,E,6,5,5,0,D,#E6550D,,
,,,,6,K,166,54,3,,,,A,6,3,6,0,3,#A63603,,
Oranges,7,seq,,1,B,254,237,222,,,,F,E,E,D,D,E,#FEEDDE,,
,,,,2,D,253,208,162,,,,F,D,D,0,A,2,#FDD0A2,,
,,,,3,F,253,174,107,,,,F,D,A,E,6,B,#FDAE6B,,
,,,,4,G,253,141,60,,,,F,D,8,D,3,C,#FD8D3C,,
,,,,5,H,241,105,19,,,,F,1,6,9,1,3,#F16913,,
,,,,6,J,217,72,1,,,,D,9,4,8,0,1,#D94801,,
,,,,7,L,140,45,4,,,,8,C,2,D,0,4,#8C2D04,,
Oranges,8,seq,,1,A,255,245,235,,,,F,F,F,5,E,B,#FFF5EB,,
,,,,2,C,254,230,206,,,,F,E,E,6,C,E,#FEE6CE,,
,,,,3,D,253,208,162,,,,F,D,D,0,A,2,#FDD0A2,,
,,,,4,F,253,174,107,,,,F,D,A,E,6,B,#FDAE6B,,
,,,,5,G,253,141,60,,,,F,D,8,D,3,C,#FD8D3C,,
,,,,6,H,241,105,19,,,,F,1,6,9,1,3,#F16913,,
,,,,7,J,217,72,1,,,,D,9,4,8,0,1,#D94801,,
,,,,8,L,140,45,4,,,,8,C,2,D,0,4,#8C2D04,,
Oranges,9,seq,,1,A,255,245,235,,,,F,F,F,5,E,B,#FFF5EB,,
,,,,2,C,254,230,206,,,,F,E,E,6,C,E,#FEE6CE,,
,,,,3,D,253,208,162,,,,F,D,D,0,A,2,#FDD0A2,,
,,,,4,F,253,174,107,,,,F,D,A,E,6,B,#FDAE6B,,
,,,,5,G,253,141,60,,,,F,D,8,D,3,C,#FD8D3C,,
,,,,6,H,241,105,19,,,,F,1,6,9,1,3,#F16913,,
,,,,7,J,217,72,1,,,,D,9,4,8,0,1,#D94801,,
,,,,8,K,166,54,3,,,,A,6,3,6,0,3,#A63603,,
,,,,9,M,127,39,4,,,,7,F,2,7,0,4,#7F2704,,
Reds,3,seq,,1,C,254,224,210,,,,F,E,E,0,D,2,#FEE0D2,,
,,,,2,F,252,146,114,,,,F,C,9,2,7,2,#FC9272,,
,,,,3,I,222,45,38,,,,D,E,2,D,2,6,#DE2D26,,
Reds,4,seq,,1,B,254,229,217,,,,F,E,E,5,D,9,#FEE5D9,,
,,,,2,E,252,174,145,,,,F,C,A,E,9,1,#FCAE91,,
,,,,3,G,251,106,74,,,,F,B,6,A,4,A,#FB6A4A,,
,,,,4,J,203,24,29,,,,C,B,1,8,1,D,#CB181D,,
Reds,5,seq,,1,B,254,229,217,,,,F,E,E,5,D,9,#FEE5D9,,
,,,,2,E,252,174,145,,,,F,C,A,E,9,1,#FCAE91,,
,,,,3,G,251,106,74,,,,F,B,6,A,4,A,#FB6A4A,,
,,,,4,I,222,45,38,,,,D,E,2,D,2,6,#DE2D26,,
,,,,5,K,165,15,21,,,,A,5,0,F,1,5,#A50F15,,
Reds,6,seq,,1,B,254,229,217,,,,F,E,E,5,D,9,#FEE5D9,,
,,,,2,D,252,187,161,,,,F,C,B,B,A,1,#FCBBA1,,
,,,,3,F,252,146,114,,,,F,C,9,2,7,2,#FC9272,,
,,,,4,G,251,106,74,,,,F,B,6,A,4,A,#FB6A4A,,
,,,,5,I,222,45,38,,,,D,E,2,D,2,6,#DE2D26,,
,,,,6,K,165,15,21,,,,A,5,0,F,1,5,#A50F15,,
Reds,7,seq,,1,B,254,229,217,,,,F,E,E,5,D,9,#FEE5D9,,
,,,,2,D,252,187,161,,,,F,C,B,B,A,1,#FCBBA1,,
,,,,3,F,252,146,114,,,,F,C,9,2,7,2,#FC9272,,
,,,,4,G,251,106,74,,,,F,B,6,A,4,A,#FB6A4A,,
,,,,5,H,239,59,44,,,,E,F,3,B,2,C,#EF3B2C,,
,,,,6,J,203,24,29,,,,C,B,1,8,1,D,#CB181D,,
,,,,7,L,153,0,13,,,,9,9,0,0,0,D,#99000D,,
Reds,8,seq,,1,A,255,245,240,,,,F,F,F,5,F,0,#FFF5F0,,
,,,,2,C,254,224,210,,,,F,E,E,0,D,2,#FEE0D2,,
,,,,3,D,252,187,161,,,,F,C,B,B,A,1,#FCBBA1,,
,,,,4,F,252,146,114,,,,F,C,9,2,7,2,#FC9272,,
,,,,5,G,251,106,74,,,,F,B,6,A,4,A,#FB6A4A,,
,,,,6,H,239,59,44,,,,E,F,3,B,2,C,#EF3B2C,,
,,,,7,J,203,24,29,,,,C,B,1,8,1,D,#CB181D,,
,,,,8,L,153,0,13,,,,9,9,0,0,0,D,#99000D,,
Reds,9,seq,,1,A,255,245,240,,,,F,F,F,5,F,0,#FFF5F0,,
,,,,2,C,254,224,210,,,,F,E,E,0,D,2,#FEE0D2,,
,,,,3,D,252,187,161,,,,F,C,B,B,A,1,#FCBBA1,,
,,,,4,F,252,146,114,,,,F,C,9,2,7,2,#FC9272,,
,,,,5,G,251,106,74,,,,F,B,6,A,4,A,#FB6A4A,,
,,,,6,H,239,59,44,,,,E,F,3,B,2,C,#EF3B2C,,
,,,,7,J,203,24,29,,,,C,B,1,8,1,D,#CB181D,,
,,,,8,K,165,15,21,,,,A,5,0,F,1,5,#A50F15,,
,,,,9,M,103,0,13,,,,6,7,0,0,0,D,#67000D,,
Greys,3,seq,,1,C,240,240,240,,,,F,0,F,0,F,0,#F0F0F0,,
,,,,2,F,189,189,189,,,,B,D,B,D,B,D,#BDBDBD,,
,,,,3,I,99,99,99,,,,6,3,6,3,6,3,#636363,,
Greys,4,seq,,1,B,247,247,247,,,,F,7,F,7,F,7,#F7F7F7,,
,,,,2,E,204,204,204,,,,C,C,C,C,C,C,#CCCCCC,,
,,,,3,G,150,150,150,,,,9,6,9,6,9,6,#969696,,
,,,,4,J,82,82,82,,,,5,2,5,2,5,2,#525252,,
Greys,5,seq,,1,B,247,247,247,,,,F,7,F,7,F,7,#F7F7F7,,
,,,,2,E,204,204,204,,,,C,C,C,C,C,C,#CCCCCC,,
,,,,3,G,150,150,150,,,,9,6,9,6,9,6,#969696,,
,,,,4,I,99,99,99,,,,6,3,6,3,6,3,#636363,,
,,,,5,K,37,37,37,,,,2,5,2,5,2,5,#252525,,
Greys,6,seq,,1,B,247,247,247,,,,F,7,F,7,F,7,#F7F7F7,,
,,,,2,D,217,217,217,,,,D,9,D,9,D,9,#D9D9D9,,
,,,,3,F,189,189,189,,,,B,D,B,D,B,D,#BDBDBD,,
,,,,4,G,150,150,150,,,,9,6,9,6,9,6,#969696,,
,,,,5,I,99,99,99,,,,6,3,6,3,6,3,#636363,,
,,,,6,K,37,37,37,,,,2,5,2,5,2,5,#252525,,
Greys,7,seq,,1,B,247,247,247,,,,F,7,F,7,F,7,#F7F7F7,,
,,,,2,D,217,217,217,,,,D,9,D,9,D,9,#D9D9D9,,
,,,,3,F,189,189,189,,,,B,D,B,D,B,D,#BDBDBD,,
,,,,4,G,150,150,150,,,,9,6,9,6,9,6,#969696,,
,,,,5,H,115,115,115,,,,7,3,7,3,7,3,#737373,,
,,,,6,J,82,82,82,,,,5,2,5,2,5,2,#525252,,
,,,,7,L,37,37,37,,,,2,5,2,5,2,5,#252525,,
Greys,8,seq,,1,A,255,255,255,,,,F,F,F,F,F,F,#FFFFFF,,
,,,,2,C,240,240,240,,,,F,0,F,0,F,0,#F0F0F0,,
,,,,3,D,217,217,217,,,,D,9,D,9,D,9,#D9D9D9,,
,,,,4,F,189,189,189,,,,B,D,B,D,B,D,#BDBDBD,,
,,,,5,G,150,150,150,,,,9,6,9,6,9,6,#969696,,
,,,,6,H,115,115,115,,,,7,3,7,3,7,3,#737373,,
,,,,7,J,82,82,82,,,,5,2,5,2,5,2,#525252,,
,,,,8,L,37,37,37,,,,2,5,2,5,2,5,#252525,,
Greys,9,seq,,1,A,255,255,255,,,,F,F,F,F,F,F,#FFFFFF,,
,,,,2,C,240,240,240,,,,F,0,F,0,F,0,#F0F0F0,,
,,,,3,D,217,217,217,,,,D,9,D,9,D,9,#D9D9D9,,
,,,,4,F,189,189,189,,,,B,D,B,D,B,D,#BDBDBD,,
,,,,5,G,150,150,150,,,,9,6,9,6,9,6,#969696,,
,,,,6,H,115,115,115,,,,7,3,7,3,7,3,#737373,,
,,,,7,J,82,82,82,,,,5,2,5,2,5,2,#525252,,
,,,,8,K,37,37,37,,,,2,5,2,5,2,5,#252525,,
,,,,9,M,0,0,0,,,,0,0,0,0,0,0,#000000,,
PuOr,3,div,2,1,E,241,163,64,,,,F,1,A,3,4,0,#F1A340,,
,,,,2,H,247,247,247,,,<,F,7,F,7,F,7,#F7F7F7,9 Diverging Schemes,
,,,,3,K,153,142,195,,,,9,9,8,E,C,3,#998EC3,,
PuOr,4,div,2.5,1,C,230,97,1,,,,E,6,6,1,0,1,#E66101,Note:,
,,,,2,F,253,184,99,,,_,F,D,B,8,6,3,#FDB863,< marks critical class in diverging sheme,
,,,,3,J,178,171,210,,,,B,2,A,B,D,2,#B2ABD2,_ marks critical break,
,,,,4,M,94,60,153,,,,5,E,3,C,9,9,#5E3C99,,
PuOr,5,div,3,1,C,230,97,1,,,,E,6,6,1,0,1,#E66101,,
,,,,2,F,253,184,99,,,,F,D,B,8,6,3,#FDB863,,
,,,,3,H,247,247,247,,,<,F,7,F,7,F,7,#F7F7F7,,
,,,,4,J,178,171,210,,,,B,2,A,B,D,2,#B2ABD2,,
,,,,5,M,94,60,153,,,,5,E,3,C,9,9,#5E3C99,,
PuOr,6,div,3.5,1,B,179,88,6,,,,B,3,5,8,0,6,#B35806,,
,,,,2,E,241,163,64,,,,F,1,A,3,4,0,#F1A340,,
,,,,3,G,254,224,182,,,_,F,E,E,0,B,6,#FEE0B6,,
,,,,4,I,216,218,235,,,,D,8,D,A,E,B,#D8DAEB,,
,,,,5,K,153,142,195,,,,9,9,8,E,C,3,#998EC3,,
,,,,6,N,84,39,136,,,,5,4,2,7,8,8,#542788,,
PuOr,7,div,4,1,B,179,88,6,,,,B,3,5,8,0,6,#B35806,,
,,,,2,E,241,163,64,,,,F,1,A,3,4,0,#F1A340,,
,,,,3,G,254,224,182,,,,F,E,E,0,B,6,#FEE0B6,,
,,,,4,H,247,247,247,,,<,F,7,F,7,F,7,#F7F7F7,,
,,,,5,I,216,218,235,,,,D,8,D,A,E,B,#D8DAEB,,
,,,,6,K,153,142,195,,,,9,9,8,E,C,3,#998EC3,,
,,,,7,N,84,39,136,,,,5,4,2,7,8,8,#542788,,
PuOr,8,div,4.5,1,B,179,88,6,,,,B,3,5,8,0,6,#B35806,,
,,,,2,D,224,130,20,,,,E,0,8,2,1,4,#E08214,,
,,,,3,F,253,184,99,,,,F,D,B,8,6,3,#FDB863,,
,,,,4,G,254,224,182,,,_,F,E,E,0,B,6,#FEE0B6,,
,,,,5,I,216,218,235,,,,D,8,D,A,E,B,#D8DAEB,,
,,,,6,J,178,171,210,,,,B,2,A,B,D,2,#B2ABD2,,
,,,,7,L,128,115,172,,,,8,0,7,3,A,C,#8073AC,,
,,,,8,N,84,39,136,,,,5,4,2,7,8,8,#542788,,
PuOr,9,div,5,1,B,179,88,6,,,,B,3,5,8,0,6,#B35806,,
,,,,2,D,224,130,20,,,,E,0,8,2,1,4,#E08214,,
,,,,3,F,253,184,99,,,,F,D,B,8,6,3,#FDB863,,
,,,,4,G,254,224,182,,,,F,E,E,0,B,6,#FEE0B6,,
,,,,5,H,247,247,247,,,<,F,7,F,7,F,7,#F7F7F7,,
,,,,6,I,216,218,235,,,,D,8,D,A,E,B,#D8DAEB,,
,,,,7,J,178,171,210,,,,B,2,A,B,D,2,#B2ABD2,,
,,,,8,L,128,115,172,,,,8,0,7,3,A,C,#8073AC,,
,,,,9,N,84,39,136,,,,5,4,2,7,8,8,#542788,,
PuOr,10,div,5.5,1,A,127,59,8,,,,7,F,3,B,0,8,#7F3B08,,
,,,,2,B,179,88,6,,,,B,3,5,8,0,6,#B35806,,
,,,,3,D,224,130,20,,,,E,0,8,2,1,4,#E08214,,
,,,,4,F,253,184,99,,,,F,D,B,8,6,3,#FDB863,,
,,,,5,G,254,224,182,,,_,F,E,E,0,B,6,#FEE0B6,,
,,,,6,I,216,218,235,,,,D,8,D,A,E,B,#D8DAEB,,
,,,,7,J,178,171,210,,,,B,2,A,B,D,2,#B2ABD2,,
,,,,8,L,128,115,172,,,,8,0,7,3,A,C,#8073AC,,
,,,,9,N,84,39,136,,,,5,4,2,7,8,8,#542788,,
,,,,10,O,45,0,75,,,,2,D,0,0,4,B,#2D004B,,
PuOr,11,div,6,1,A,127,59,8,,,,7,F,3,B,0,8,#7F3B08,,
,,,,2,B,179,88,6,,,,B,3,5,8,0,6,#B35806,,
,,,,3,D,224,130,20,,,,E,0,8,2,1,4,#E08214,,
,,,,4,F,253,184,99,,,,F,D,B,8,6,3,#FDB863,,
,,,,5,G,254,224,182,,,,F,E,E,0,B,6,#FEE0B6,,
,,,,6,H,247,247,247,,,<,F,7,F,7,F,7,#F7F7F7,,
,,,,7,I,216,218,235,,,,D,8,D,A,E,B,#D8DAEB,,
,,,,8,J,178,171,210,,,,B,2,A,B,D,2,#B2ABD2,,
,,,,9,L,128,115,172,,,,8,0,7,3,A,C,#8073AC,,
,,,,10,N,84,39,136,,,,5,4,2,7,8,8,#542788,,
,,,,11,O,45,0,75,,,,2,D,0,0,4,B,#2D004B,,
BrBG,3,div,2,1,E,216,179,101,,,,D,8,B,3,6,5,#D8B365,,
,,,,2,H,245,245,245,,,<,F,5,F,5,F,5,#F5F5F5,,
,,,,3,K,90,180,172,,,,5,A,B,4,A,C,#5AB4AC,,
BrBG,4,div,2.5,1,C,166,97,26,,,,A,6,6,1,1,A,#A6611A,,
,,,,2,F,223,194,125,,,_,D,F,C,2,7,D,#DFC27D,,
,,,,3,J,128,205,193,,,,8,0,C,D,C,1,#80CDC1,,
,,,,4,M,1,133,113,,,,0,1,8,5,7,1,#018571,,
BrBG,5,div,3,1,C,166,97,26,,,,A,6,6,1,1,A,#A6611A,,
,,,,2,F,223,194,125,,,,D,F,C,2,7,D,#DFC27D,,
,,,,3,H,245,245,245,,,<,F,5,F,5,F,5,#F5F5F5,,
,,,,4,J,128,205,193,,,,8,0,C,D,C,1,#80CDC1,,
,,,,5,M,1,133,113,,,,0,1,8,5,7,1,#018571,,
BrBG,6,div,3.5,1,B,140,81,10,,,,8,C,5,1,0,A,#8C510A,,
,,,,2,E,216,179,101,,,,D,8,B,3,6,5,#D8B365,,
,,,,3,G,246,232,195,,,_,F,6,E,8,C,3,#F6E8C3,,
,,,,4,I,199,234,229,,,,C,7,E,A,E,5,#C7EAE5,,
,,,,5,K,90,180,172,,,,5,A,B,4,A,C,#5AB4AC,,
,,,,6,N,1,102,94,,,,0,1,6,6,5,E,#01665E,,
BrBG,7,div,4,1,B,140,81,10,,,,8,C,5,1,0,A,#8C510A,,
,,,,2,E,216,179,101,,,,D,8,B,3,6,5,#D8B365,,
,,,,3,G,246,232,195,,,,F,6,E,8,C,3,#F6E8C3,,
,,,,4,H,245,245,245,,,<,F,5,F,5,F,5,#F5F5F5,,
,,,,5,I,199,234,229,,,,C,7,E,A,E,5,#C7EAE5,,
,,,,6,K,90,180,172,,,,5,A,B,4,A,C,#5AB4AC,,
,,,,7,N,1,102,94,,,,0,1,6,6,5,E,#01665E,,
BrBG,8,div,4.5,1,B,140,81,10,,,,8,C,5,1,0,A,#8C510A,,
,,,,2,D,191,129,45,,,,B,F,8,1,2,D,#BF812D,,
,,,,3,F,223,194,125,,,,D,F,C,2,7,D,#DFC27D,,
,,,,4,G,246,232,195,,,_,F,6,E,8,C,3,#F6E8C3,,
,,,,5,I,199,234,229,,,,C,7,E,A,E,5,#C7EAE5,,
,,,,6,J,128,205,193,,,,8,0,C,D,C,1,#80CDC1,,
,,,,7,L,53,151,143,,,,3,5,9,7,8,F,#35978F,,
,,,,8,N,1,102,94,,,,0,1,6,6,5,E,#01665E,,
BrBG,9,div,5,1,B,140,81,10,,,,8,C,5,1,0,A,#8C510A,,
,,,,2,D,191,129,45,,,,B,F,8,1,2,D,#BF812D,,
,,,,3,F,223,194,125,,,,D,F,C,2,7,D,#DFC27D,,
,,,,4,G,246,232,195,,,,F,6,E,8,C,3,#F6E8C3,,
,,,,5,H,245,245,245,,,<,F,5,F,5,F,5,#F5F5F5,,
,,,,6,I,199,234,229,,,,C,7,E,A,E,5,#C7EAE5,,
,,,,7,J,128,205,193,,,,8,0,C,D,C,1,#80CDC1,,
,,,,8,L,53,151,143,,,,3,5,9,7,8,F,#35978F,,
,,,,9,N,1,102,94,,,,0,1,6,6,5,E,#01665E,,
BrBG,10,div,5.5,1,A,84,48,5,,,,5,4,3,0,0,5,#543005,,
,,,,2,B,140,81,10,,,,8,C,5,1,0,A,#8C510A,,
,,,,3,D,191,129,45,,,,B,F,8,1,2,D,#BF812D,,
,,,,4,F,223,194,125,,,,D,F,C,2,7,D,#DFC27D,,
,,,,5,G,246,232,195,,,_,F,6,E,8,C,3,#F6E8C3,,
,,,,6,I,199,234,229,,,,C,7,E,A,E,5,#C7EAE5,,
,,,,7,J,128,205,193,,,,8,0,C,D,C,1,#80CDC1,,
,,,,8,L,53,151,143,,,,3,5,9,7,8,F,#35978F,,
,,,,9,N,1,102,94,,,,0,1,6,6,5,E,#01665E,,
,,,,10,O,0,60,48,,,,0,0,3,C,3,0,#003C30,,
BrBG,11,div,6,1,A,84,48,5,,,,5,4,3,0,0,5,#543005,,
,,,,2,B,140,81,10,,,,8,C,5,1,0,A,#8C510A,,
,,,,3,D,191,129,45,,,,B,F,8,1,2,D,#BF812D,,
,,,,4,F,223,194,125,,,,D,F,C,2,7,D,#DFC27D,,
,,,,5,G,246,232,195,,,,F,6,E,8,C,3,#F6E8C3,,
,,,,6,H,245,245,245,,,<,F,5,F,5,F,5,#F5F5F5,,
,,,,7,I,199,234,229,,,,C,7,E,A,E,5,#C7EAE5,,
,,,,8,J,128,205,193,,,,8,0,C,D,C,1,#80CDC1,,
,,,,9,L,53,151,143,,,,3,5,9,7,8,F,#35978F,,
,,,,10,N,1,102,94,,,,0,1,6,6,5,E,#01665E,,
,,,,11,O,0,60,48,,,,0,0,3,C,3,0,#003C30,,
PRGn,3,div,2,1,E,175,141,195,,,,A,F,8,D,C,3,#AF8DC3,,
,,,,2,H,247,247,247,,,<,F,7,F,7,F,7,#F7F7F7,,
,,,,3,K,127,191,123,,,,7,F,B,F,7,B,#7FBF7B,,
PRGn,4,div,2.5,1,C,123,50,148,,,,7,B,3,2,9,4,#7B3294,,
,,,,2,F,194,165,207,,,_,C,2,A,5,C,F,#C2A5CF,,
,,,,3,J,166,219,160,,,,A,6,D,B,A,0,#A6DBA0,,
,,,,4,M,0,136,55,,,,0,0,8,8,3,7,#008837,,
PRGn,5,div,3,1,C,123,50,148,,,,7,B,3,2,9,4,#7B3294,,
,,,,2,F,194,165,207,,,,C,2,A,5,C,F,#C2A5CF,,
,,,,3,H,247,247,247,,,<,F,7,F,7,F,7,#F7F7F7,,
,,,,4,J,166,219,160,,,,A,6,D,B,A,0,#A6DBA0,,
,,,,5,M,0,136,55,,,,0,0,8,8,3,7,#008837,,
PRGn,6,div,3.5,1,B,118,42,131,,,,7,6,2,A,8,3,#762A83,,
,,,,2,E,175,141,195,,,,A,F,8,D,C,3,#AF8DC3,,
,,,,3,G,231,212,232,,,_,E,7,D,4,E,8,#E7D4E8,,
,,,,4,I,217,240,211,,,,D,9,F,0,D,3,#D9F0D3,,
,,,,5,K,127,191,123,,,,7,F,B,F,7,B,#7FBF7B,,
,,,,6,N,27,120,55,,,,1,B,7,8,3,7,#1B7837,,
PRGn,7,div,4,1,B,118,42,131,,,,7,6,2,A,8,3,#762A83,,
,,,,2,E,175,141,195,,,,A,F,8,D,C,3,#AF8DC3,,
,,,,3,G,231,212,232,,,,E,7,D,4,E,8,#E7D4E8,,
,,,,4,H,247,247,247,,,<,F,7,F,7,F,7,#F7F7F7,,
,,,,5,I,217,240,211,,,,D,9,F,0,D,3,#D9F0D3,,
,,,,6,K,127,191,123,,,,7,F,B,F,7,B,#7FBF7B,,
,,,,7,N,27,120,55,,,,1,B,7,8,3,7,#1B7837,,
PRGn,8,div,4.5,1,B,118,42,131,,,,7,6,2,A,8,3,#762A83,,
,,,,2,D,153,112,171,,,,9,9,7,0,A,B,#9970AB,,
,,,,3,F,194,165,207,,,,C,2,A,5,C,F,#C2A5CF,,
,,,,4,G,231,212,232,,,_,E,7,D,4,E,8,#E7D4E8,,
,,,,5,I,217,240,211,,,,D,9,F,0,D,3,#D9F0D3,,
,,,,6,J,166,219,160,,,,A,6,D,B,A,0,#A6DBA0,,
,,,,7,L,90,174,97,,,,5,A,A,E,6,1,#5AAE61,,
,,,,8,N,27,120,55,,,,1,B,7,8,3,7,#1B7837,,
PRGn,9,div,5,1,B,118,42,131,,,,7,6,2,A,8,3,#762A83,,
,,,,2,D,153,112,171,,,,9,9,7,0,A,B,#9970AB,,
,,,,3,F,194,165,207,,,,C,2,A,5,C,F,#C2A5CF,,
,,,,4,G,231,212,232,,,,E,7,D,4,E,8,#E7D4E8,,
,,,,5,H,247,247,247,,,<,F,7,F,7,F,7,#F7F7F7,,
,,,,6,I,217,240,211,,,,D,9,F,0,D,3,#D9F0D3,,
,,,,7,J,166,219,160,,,,A,6,D,B,A,0,#A6DBA0,,
,,,,8,L,90,174,97,,,,5,A,A,E,6,1,#5AAE61,,
,,,,9,N,27,120,55,,,,1,B,7,8,3,7,#1B7837,,
PRGn,10,div,5.5,1,A,64,0,75,,,,4,0,0,0,4,B,#40004B,,
,,,,2,B,118,42,131,,,,7,6,2,A,8,3,#762A83,,
,,,,3,D,153,112,171,,,,9,9,7,0,A,B,#9970AB,,
,,,,4,F,194,165,207,,,,C,2,A,5,C,F,#C2A5CF,,
,,,,5,G,231,212,232,,,_,E,7,D,4,E,8,#E7D4E8,,
,,,,6,I,217,240,211,,,,D,9,F,0,D,3,#D9F0D3,,
,,,,7,J,166,219,160,,,,A,6,D,B,A,0,#A6DBA0,,
,,,,8,L,90,174,97,,,,5,A,A,E,6,1,#5AAE61,,
,,,,9,N,27,120,55,,,,1,B,7,8,3,7,#1B7837,,
,,,,10,O,0,68,27,,,,0,0,4,4,1,B,#00441B,,
PRGn,11,div,6,1,A,64,0,75,,,,4,0,0,0,4,B,#40004B,,
,,,,2,B,118,42,131,,,,7,6,2,A,8,3,#762A83,,
,,,,3,D,153,112,171,,,,9,9,7,0,A,B,#9970AB,,
,,,,4,F,194,165,207,,,,C,2,A,5,C,F,#C2A5CF,,
,,,,5,G,231,212,232,,,,E,7,D,4,E,8,#E7D4E8,,
,,,,6,H,247,247,247,,,<,F,7,F,7,F,7,#F7F7F7,,
,,,,7,I,217,240,211,,,,D,9,F,0,D,3,#D9F0D3,,
,,,,8,J,166,219,160,,,,A,6,D,B,A,0,#A6DBA0,,
,,,,9,L,90,174,97,,,,5,A,A,E,6,1,#5AAE61,,
,,,,10,N,27,120,55,,,,1,B,7,8,3,7,#1B7837,,
,,,,11,O,0,68,27,,,,0,0,4,4,1,B,#00441B,,
PiYG,3,div,2,1,E,233,163,201,,,,E,9,A,3,C,9,#E9A3C9,,
,,,,2,H,247,247,247,,,<,F,7,F,7,F,7,#F7F7F7,,
,,,,3,K,161,215,106,,,,A,1,D,7,6,A,#A1D76A,,
PiYG,4,div,2.5,1,C,208,28,139,,,,D,0,1,C,8,B,#D01C8B,,
,,,,2,F,241,182,218,,,_,F,1,B,6,D,A,#F1B6DA,,
,,,,3,J,184,225,134,,,,B,8,E,1,8,6,#B8E186,,
,,,,4,M,77,172,38,,,,4,D,A,C,2,6,#4DAC26,,
PiYG,5,div,3,1,C,208,28,139,,,,D,0,1,C,8,B,#D01C8B,,
,,,,2,F,241,182,218,,,,F,1,B,6,D,A,#F1B6DA,,
,,,,3,H,247,247,247,,,<,F,7,F,7,F,7,#F7F7F7,,
,,,,4,J,184,225,134,,,,B,8,E,1,8,6,#B8E186,,
,,,,5,M,77,172,38,,,,4,D,A,C,2,6,#4DAC26,,
PiYG,6,div,3.5,1,B,197,27,125,,,,C,5,1,B,7,D,#C51B7D,,
,,,,2,E,233,163,201,,,,E,9,A,3,C,9,#E9A3C9,,
,,,,3,G,253,224,239,,,_,F,D,E,0,E,F,#FDE0EF,,
,,,,4,I,230,245,208,,,,E,6,F,5,D,0,#E6F5D0,,
,,,,5,K,161,215,106,,,,A,1,D,7,6,A,#A1D76A,,
,,,,6,N,77,146,33,,,,4,D,9,2,2,1,#4D9221,,
PiYG,7,div,4,1,B,197,27,125,,,,C,5,1,B,7,D,#C51B7D,,
,,,,2,E,233,163,201,,,,E,9,A,3,C,9,#E9A3C9,,
,,,,3,G,253,224,239,,,,F,D,E,0,E,F,#FDE0EF,,
,,,,4,H,247,247,247,,,<,F,7,F,7,F,7,#F7F7F7,,
,,,,5,I,230,245,208,,,,E,6,F,5,D,0,#E6F5D0,,
,,,,6,K,161,215,106,,,,A,1,D,7,6,A,#A1D76A,,
,,,,7,N,77,146,33,,,,4,D,9,2,2,1,#4D9221,,
PiYG,8,div,4.5,1,B,197,27,125,,,,C,5,1,B,7,D,#C51B7D,,
,,,,2,D,222,119,174,,,,D,E,7,7,A,E,#DE77AE,,
,,,,3,F,241,182,218,,,,F,1,B,6,D,A,#F1B6DA,,
,,,,4,G,253,224,239,,,_,F,D,E,0,E,F,#FDE0EF,,
,,,,5,I,230,245,208,,,,E,6,F,5,D,0,#E6F5D0,,
,,,,6,J,184,225,134,,,,B,8,E,1,8,6,#B8E186,,
,,,,7,L,127,188,65,,,,7,F,B,C,4,1,#7FBC41,,
,,,,8,N,77,146,33,,,,4,D,9,2,2,1,#4D9221,,
PiYG,9,div,5,1,B,197,27,125,,,,C,5,1,B,7,D,#C51B7D,,
,,,,2,D,222,119,174,,,,D,E,7,7,A,E,#DE77AE,,
,,,,3,F,241,182,218,,,,F,1,B,6,D,A,#F1B6DA,,
,,,,4,G,253,224,239,,,,F,D,E,0,E,F,#FDE0EF,,
,,,,5,H,247,247,247,,,<,F,7,F,7,F,7,#F7F7F7,,
,,,,6,I,230,245,208,,,,E,6,F,5,D,0,#E6F5D0,,
,,,,7,J,184,225,134,,,,B,8,E,1,8,6,#B8E186,,
,,,,8,L,127,188,65,,,,7,F,B,C,4,1,#7FBC41,,
,,,,9,N,77,146,33,,,,4,D,9,2,2,1,#4D9221,,
PiYG,10,div,5.5,1,A,142,1,82,,,,8,E,0,1,5,2,#8E0152,,
,,,,2,B,197,27,125,,,,C,5,1,B,7,D,#C51B7D,,
,,,,3,D,222,119,174,,,,D,E,7,7,A,E,#DE77AE,,
,,,,4,F,241,182,218,,,,F,1,B,6,D,A,#F1B6DA,,
,,,,5,G,253,224,239,,,_,F,D,E,0,E,F,#FDE0EF,,
,,,,6,I,230,245,208,,,,E,6,F,5,D,0,#E6F5D0,,
,,,,7,J,184,225,134,,,,B,8,E,1,8,6,#B8E186,,
,,,,8,L,127,188,65,,,,7,F,B,C,4,1,#7FBC41,,
,,,,9,N,77,146,33,,,,4,D,9,2,2,1,#4D9221,,
,,,,10,O,39,100,25,,,,2,7,6,4,1,9,#276419,,
PiYG,11,div,6,1,A,142,1,82,,,,8,E,0,1,5,2,#8E0152,,
,,,,2,B,197,27,125,,,,C,5,1,B,7,D,#C51B7D,,
,,,,3,D,222,119,174,,,,D,E,7,7,A,E,#DE77AE,,
,,,,4,F,241,182,218,,,,F,1,B,6,D,A,#F1B6DA,,
,,,,5,G,253,224,239,,,,F,D,E,0,E,F,#FDE0EF,,
,,,,6,H,247,247,247,,,<,F,7,F,7,F,7,#F7F7F7,,
,,,,7,I,230,245,208,,,,E,6,F,5,D,0,#E6F5D0,,
,,,,8,J,184,225,134,,,,B,8,E,1,8,6,#B8E186,,
,,,,9,L,127,188,65,,,,7,F,B,C,4,1,#7FBC41,,
,,,,10,N,77,146,33,,,,4,D,9,2,2,1,#4D9221,,
,,,,11,O,39,100,25,,,,2,7,6,4,1,9,#276419,,
RdBu,3,div,2,1,E,239,138,98,,,,E,F,8,A,6,2,#EF8A62,,
,,,,2,H,247,247,247,,,<,F,7,F,7,F,7,#F7F7F7,,
,,,,3,K,103,169,207,,,,6,7,A,9,C,F,#67A9CF,,
RdBu,4,div,2.5,1,C,202,0,32,,,,C,A,0,0,2,0,#CA0020,,
,,,,2,F,244,165,130,,,_,F,4,A,5,8,2,#F4A582,,
,,,,3,J,146,197,222,,,,9,2,C,5,D,E,#92C5DE,,
,,,,4,M,5,113,176,,,,0,5,7,1,B,0,#0571B0,,
RdBu,5,div,3,1,C,202,0,32,,,,C,A,0,0,2,0,#CA0020,,
,,,,2,F,244,165,130,,,,F,4,A,5,8,2,#F4A582,,
,,,,3,H,247,247,247,,,<,F,7,F,7,F,7,#F7F7F7,,
,,,,4,J,146,197,222,,,,9,2,C,5,D,E,#92C5DE,,
,,,,5,M,5,113,176,,,,0,5,7,1,B,0,#0571B0,,
RdBu,6,div,3.5,1,B,178,24,43,,,,B,2,1,8,2,B,#B2182B,,
,,,,2,E,239,138,98,,,,E,F,8,A,6,2,#EF8A62,,
,,,,3,G,253,219,199,,,_,F,D,D,B,C,7,#FDDBC7,,
,,,,4,I,209,229,240,,,,D,1,E,5,F,0,#D1E5F0,,
,,,,5,K,103,169,207,,,,6,7,A,9,C,F,#67A9CF,,
,,,,6,N,33,102,172,,,,2,1,6,6,A,C,#2166AC,,
RdBu,7,div,4,1,B,178,24,43,,,,B,2,1,8,2,B,#B2182B,,
,,,,2,E,239,138,98,,,,E,F,8,A,6,2,#EF8A62,,
,,,,3,G,253,219,199,,,,F,D,D,B,C,7,#FDDBC7,,
,,,,4,H,247,247,247,,,<,F,7,F,7,F,7,#F7F7F7,,
,,,,5,I,209,229,240,,,,D,1,E,5,F,0,#D1E5F0,,
,,,,6,K,103,169,207,,,,6,7,A,9,C,F,#67A9CF,,
,,,,7,N,33,102,172,,,,2,1,6,6,A,C,#2166AC,,
RdBu,8,div,4.5,1,B,178,24,43,,,,B,2,1,8,2,B,#B2182B,,
,,,,2,D,214,96,77,,,,D,6,6,0,4,D,#D6604D,,
,,,,3,F,244,165,130,,,,F,4,A,5,8,2,#F4A582,,
,,,,4,G,253,219,199,,,_,F,D,D,B,C,7,#FDDBC7,,
,,,,5,I,209,229,240,,,,D,1,E,5,F,0,#D1E5F0,,
,,,,6,J,146,197,222,,,,9,2,C,5,D,E,#92C5DE,,
,,,,7,L,67,147,195,,,,4,3,9,3,C,3,#4393C3,,
,,,,8,N,33,102,172,,,,2,1,6,6,A,C,#2166AC,,
RdBu,9,div,5,1,B,178,24,43,,,,B,2,1,8,2,B,#B2182B,,
,,,,2,D,214,96,77,,,,D,6,6,0,4,D,#D6604D,,
,,,,3,F,244,165,130,,,,F,4,A,5,8,2,#F4A582,,
,,,,4,G,253,219,199,,,,F,D,D,B,C,7,#FDDBC7,,
,,,,5,H,247,247,247,,,<,F,7,F,7,F,7,#F7F7F7,,
,,,,6,I,209,229,240,,,,D,1,E,5,F,0,#D1E5F0,,
,,,,7,J,146,197,222,,,,9,2,C,5,D,E,#92C5DE,,
,,,,8,L,67,147,195,,,,4,3,9,3,C,3,#4393C3,,
,,,,9,N,33,102,172,,,,2,1,6,6,A,C,#2166AC,,
RdBu,10,div,5.5,1,A,103,0,31,,,,6,7,0,0,1,F,#67001F,,
,,,,2,B,178,24,43,,,,B,2,1,8,2,B,#B2182B,,
,,,,3,D,214,96,77,,,,D,6,6,0,4,D,#D6604D,,
,,,,4,F,244,165,130,,,,F,4,A,5,8,2,#F4A582,,
,,,,5,G,253,219,199,,,_,F,D,D,B,C,7,#FDDBC7,,
,,,,6,I,209,229,240,,,,D,1,E,5,F,0,#D1E5F0,,
,,,,7,J,146,197,222,,,,9,2,C,5,D,E,#92C5DE,,
,,,,8,L,67,147,195,,,,4,3,9,3,C,3,#4393C3,,
,,,,9,N,33,102,172,,,,2,1,6,6,A,C,#2166AC,,
,,,,10,O,5,48,97,,,,0,5,3,0,6,1,#053061,,
RdBu,11,div,6,1,A,103,0,31,,,,6,7,0,0,1,F,#67001F,,
,,,,2,B,178,24,43,,,,B,2,1,8,2,B,#B2182B,,
,,,,3,D,214,96,77,,,,D,6,6,0,4,D,#D6604D,,
,,,,4,F,244,165,130,,,,F,4,A,5,8,2,#F4A582,,
,,,,5,G,253,219,199,,,,F,D,D,B,C,7,#FDDBC7,,
,,,,6,H,247,247,247,,,<,F,7,F,7,F,7,#F7F7F7,,
,,,,7,I,209,229,240,,,,D,1,E,5,F,0,#D1E5F0,,
,,,,8,J,146,197,222,,,,9,2,C,5,D,E,#92C5DE,,
,,,,9,L,67,147,195,,,,4,3,9,3,C,3,#4393C3,,
,,,,10,N,33,102,172,,,,2,1,6,6,A,C,#2166AC,,
,,,,11,O,5,48,97,,,,0,5,3,0,6,1,#053061,,
RdGy,3,div,2,1,E,239,138,98,,,,E,F,8,A,6,2,#EF8A62,,
,,,,2,H,255,255,255,,,<,F,F,F,F,F,F,#FFFFFF,,
,,,,3,K,153,153,153,,,,9,9,9,9,9,9,#999999,,
RdGy,4,div,2.5,1,C,202,0,32,,,,C,A,0,0,2,0,#CA0020,,
,,,,2,F,244,165,130,,,_,F,4,A,5,8,2,#F4A582,,
,,,,3,J,186,186,186,,,,B,A,B,A,B,A,#BABABA,,
,,,,4,M,64,64,64,,,,4,0,4,0,4,0,#404040,,
RdGy,5,div,3,1,C,202,0,32,,,,C,A,0,0,2,0,#CA0020,,
,,,,2,F,244,165,130,,,,F,4,A,5,8,2,#F4A582,,
,,,,3,H,255,255,255,,,<,F,F,F,F,F,F,#FFFFFF,,
,,,,4,J,186,186,186,,,,B,A,B,A,B,A,#BABABA,,
,,,,5,M,64,64,64,,,,4,0,4,0,4,0,#404040,,
RdGy,6,div,3.5,1,B,178,24,43,,,,B,2,1,8,2,B,#B2182B,,
,,,,2,E,239,138,98,,,,E,F,8,A,6,2,#EF8A62,,
,,,,3,G,253,219,199,,,_,F,D,D,B,C,7,#FDDBC7,,
,,,,4,I,224,224,224,,,,E,0,E,0,E,0,#E0E0E0,,
,,,,5,K,153,153,153,,,,9,9,9,9,9,9,#999999,,
,,,,6,N,77,77,77,,,,4,D,4,D,4,D,#4D4D4D,,
RdGy,7,div,4,1,B,178,24,43,,,,B,2,1,8,2,B,#B2182B,,
,,,,2,E,239,138,98,,,,E,F,8,A,6,2,#EF8A62,,
,,,,3,G,253,219,199,,,,F,D,D,B,C,7,#FDDBC7,,
,,,,4,H,255,255,255,,,<,F,F,F,F,F,F,#FFFFFF,,
,,,,5,I,224,224,224,,,,E,0,E,0,E,0,#E0E0E0,,
,,,,6,K,153,153,153,,,,9,9,9,9,9,9,#999999,,
,,,,7,N,77,77,77,,,,4,D,4,D,4,D,#4D4D4D,,
RdGy,8,div,4.5,1,B,178,24,43,,,,B,2,1,8,2,B,#B2182B,,
,,,,2,D,214,96,77,,,,D,6,6,0,4,D,#D6604D,,
,,,,3,F,244,165,130,,,,F,4,A,5,8,2,#F4A582,,
,,,,4,G,253,219,199,,,_,F,D,D,B,C,7,#FDDBC7,,
,,,,5,I,224,224,224,,,,E,0,E,0,E,0,#E0E0E0,,
,,,,6,J,186,186,186,,,,B,A,B,A,B,A,#BABABA,,
,,,,7,L,135,135,135,,,,8,7,8,7,8,7,#878787,,
,,,,8,N,77,77,77,,,,4,D,4,D,4,D,#4D4D4D,,
RdGy,9,div,5,1,B,178,24,43,,,,B,2,1,8,2,B,#B2182B,,
,,,,2,D,214,96,77,,,,D,6,6,0,4,D,#D6604D,,
,,,,3,F,244,165,130,,,,F,4,A,5,8,2,#F4A582,,
,,,,4,G,253,219,199,,,,F,D,D,B,C,7,#FDDBC7,,
,,,,5,H,255,255,255,,,<,F,F,F,F,F,F,#FFFFFF,,
,,,,6,I,224,224,224,,,,E,0,E,0,E,0,#E0E0E0,,
,,,,7,J,186,186,186,,,,B,A,B,A,B,A,#BABABA,,
,,,,8,L,135,135,135,,,,8,7,8,7,8,7,#878787,,
,,,,9,N,77,77,77,,,,4,D,4,D,4,D,#4D4D4D,,
RdGy,10,div,5.5,1,A,103,0,31,,,,6,7,0,0,1,F,#67001F,,
,,,,2,B,178,24,43,,,,B,2,1,8,2,B,#B2182B,,
,,,,3,D,214,96,77,,,,D,6,6,0,4,D,#D6604D,,
,,,,4,F,244,165,130,,,,F,4,A,5,8,2,#F4A582,,
,,,,5,G,253,219,199,,,_,F,D,D,B,C,7,#FDDBC7,,
,,,,6,I,224,224,224,,,,E,0,E,0,E,0,#E0E0E0,,
,,,,7,J,186,186,186,,,,B,A,B,A,B,A,#BABABA,,
,,,,8,L,135,135,135,,,,8,7,8,7,8,7,#878787,,
,,,,9,N,77,77,77,,,,4,D,4,D,4,D,#4D4D4D,,
,,,,10,O,26,26,26,,,,1,A,1,A,1,A,#1A1A1A,,
RdGy,11,div,6,1,A,103,0,31,,,,6,7,0,0,1,F,#67001F,,
,,,,2,B,178,24,43,,,,B,2,1,8,2,B,#B2182B,,
,,,,3,D,214,96,77,,,,D,6,6,0,4,D,#D6604D,,
,,,,4,F,244,165,130,,,,F,4,A,5,8,2,#F4A582,,
,,,,5,G,253,219,199,,,,F,D,D,B,C,7,#FDDBC7,,
,,,,6,H,255,255,255,,,<,F,F,F,F,F,F,#FFFFFF,,
,,,,7,I,224,224,224,,,,E,0,E,0,E,0,#E0E0E0,,
,,,,8,J,186,186,186,,,,B,A,B,A,B,A,#BABABA,,
,,,,9,L,135,135,135,,,,8,7,8,7,8,7,#878787,,
,,,,10,N,77,77,77,,,,4,D,4,D,4,D,#4D4D4D,,
,,,,11,O,26,26,26,,,,1,A,1,A,1,A,#1A1A1A,,
RdYlBu,3,div,2,1,E,252,141,89,,,,F,C,8,D,5,9,#FC8D59,,
,,,,2,H,255,255,191,,,<,F,F,F,F,B,F,#FFFFBF,,
,,,,3,K,145,191,219,,,,9,1,B,F,D,B,#91BFDB,,
RdYlBu,4,div,2.5,1,C,215,25,28,,,,D,7,1,9,1,C,#D7191C,,
,,,,2,F,253,174,97,,,_,F,D,A,E,6,1,#FDAE61,,
,,,,3,J,171,217,233,,,,A,B,D,9,E,9,#ABD9E9,,
,,,,4,M,44,123,182,,,,2,C,7,B,B,6,#2C7BB6,,
RdYlBu,5,div,3,1,C,215,25,28,,,,D,7,1,9,1,C,#D7191C,,
,,,,2,F,253,174,97,,,,F,D,A,E,6,1,#FDAE61,,
,,,,3,H,255,255,191,,,<,F,F,F,F,B,F,#FFFFBF,,
,,,,4,J,171,217,233,,,,A,B,D,9,E,9,#ABD9E9,,
,,,,5,M,44,123,182,,,,2,C,7,B,B,6,#2C7BB6,,
RdYlBu,6,div,3.5,1,B,215,48,39,,,,D,7,3,0,2,7,#D73027,,
,,,,2,E,252,141,89,,,,F,C,8,D,5,9,#FC8D59,,
,,,,3,G,254,224,144,,,_,F,E,E,0,9,0,#FEE090,,
,,,,4,I,224,243,248,,,,E,0,F,3,F,8,#E0F3F8,,
,,,,5,K,145,191,219,,,,9,1,B,F,D,B,#91BFDB,,
,,,,6,N,69,117,180,,,,4,5,7,5,B,4,#4575B4,,
RdYlBu,7,div,4,1,B,215,48,39,,,,D,7,3,0,2,7,#D73027,,
,,,,2,E,252,141,89,,,,F,C,8,D,5,9,#FC8D59,,
,,,,3,G,254,224,144,,,,F,E,E,0,9,0,#FEE090,,
,,,,4,H,255,255,191,,,<,F,F,F,F,B,F,#FFFFBF,,
,,,,5,I,224,243,248,,,,E,0,F,3,F,8,#E0F3F8,,
,,,,6,K,145,191,219,,,,9,1,B,F,D,B,#91BFDB,,
,,,,7,N,69,117,180,,,,4,5,7,5,B,4,#4575B4,,
RdYlBu,8,div,4.5,1,B,215,48,39,,,,D,7,3,0,2,7,#D73027,,
,,,,2,D,244,109,67,,,,F,4,6,D,4,3,#F46D43,,
,,,,3,F,253,174,97,,,,F,D,A,E,6,1,#FDAE61,,
,,,,4,G,254,224,144,,,_,F,E,E,0,9,0,#FEE090,,
,,,,5,I,224,243,248,,,,E,0,F,3,F,8,#E0F3F8,,
,,,,6,J,171,217,233,,,,A,B,D,9,E,9,#ABD9E9,,
,,,,7,L,116,173,209,,,,7,4,A,D,D,1,#74ADD1,,
,,,,8,N,69,117,180,,,,4,5,7,5,B,4,#4575B4,,
RdYlBu,9,div,5,1,B,215,48,39,,,,D,7,3,0,2,7,#D73027,,
,,,,2,D,244,109,67,,,,F,4,6,D,4,3,#F46D43,,
,,,,3,F,253,174,97,,,,F,D,A,E,6,1,#FDAE61,,
,,,,4,G,254,224,144,,,,F,E,E,0,9,0,#FEE090,,
,,,,5,H,255,255,191,,,<,F,F,F,F,B,F,#FFFFBF,,
,,,,6,I,224,243,248,,,,E,0,F,3,F,8,#E0F3F8,,
,,,,7,J,171,217,233,,,,A,B,D,9,E,9,#ABD9E9,,
,,,,8,L,116,173,209,,,,7,4,A,D,D,1,#74ADD1,,
,,,,9,N,69,117,180,,,,4,5,7,5,B,4,#4575B4,,
RdYlBu,10,div,5.5,1,A,165,0,38,,,,A,5,0,0,2,6,#A50026,,
,,,,2,B,215,48,39,,,,D,7,3,0,2,7,#D73027,,
,,,,3,D,244,109,67,,,,F,4,6,D,4,3,#F46D43,,
,,,,4,F,253,174,97,,,,F,D,A,E,6,1,#FDAE61,,
,,,,5,G,254,224,144,,,_,F,E,E,0,9,0,#FEE090,,
,,,,6,I,224,243,248,,,,E,0,F,3,F,8,#E0F3F8,,
,,,,7,J,171,217,233,,,,A,B,D,9,E,9,#ABD9E9,,
,,,,8,L,116,173,209,,,,7,4,A,D,D,1,#74ADD1,,
,,,,9,N,69,117,180,,,,4,5,7,5,B,4,#4575B4,,
,,,,10,O,49,54,149,,,,3,1,3,6,9,5,#313695,,
RdYlBu,11,div,6,1,A,165,0,38,,,,A,5,0,0,2,6,#A50026,,
,,,,2,B,215,48,39,,,,D,7,3,0,2,7,#D73027,,
,,,,3,D,244,109,67,,,,F,4,6,D,4,3,#F46D43,,
,,,,4,F,253,174,97,,,,F,D,A,E,6,1,#FDAE61,,
,,,,5,G,254,224,144,,,,F,E,E,0,9,0,#FEE090,,
,,,,6,H,255,255,191,,,<,F,F,F,F,B,F,#FFFFBF,,
,,,,7,I,224,243,248,,,,E,0,F,3,F,8,#E0F3F8,,
,,,,8,J,171,217,233,,,,A,B,D,9,E,9,#ABD9E9,,
,,,,9,L,116,173,209,,,,7,4,A,D,D,1,#74ADD1,,
,,,,10,N,69,117,180,,,,4,5,7,5,B,4,#4575B4,,
,,,,11,O,49,54,149,,,,3,1,3,6,9,5,#313695,,
Spectral,3,div,2,1,E,252,141,89,,,,F,C,8,D,5,9,#FC8D59,,
,,,,2,H,255,255,191,,,<,F,F,F,F,B,F,#FFFFBF,,
,,,,3,K,153,213,148,,,,9,9,D,5,9,4,#99D594,,
Spectral,4,div,2.5,1,C,215,25,28,,,,D,7,1,9,1,C,#D7191C,,
,,,,2,F,253,174,97,,,_,F,D,A,E,6,1,#FDAE61,,
,,,,3,J,171,221,164,,,,A,B,D,D,A,4,#ABDDA4,,
,,,,4,M,43,131,186,,,,2,B,8,3,B,A,#2B83BA,,
Spectral,5,div,3,1,C,215,25,28,,,,D,7,1,9,1,C,#D7191C,,
,,,,2,F,253,174,97,,,,F,D,A,E,6,1,#FDAE61,,
,,,,3,H,255,255,191,,,<,F,F,F,F,B,F,#FFFFBF,,
,,,,4,J,171,221,164,,,,A,B,D,D,A,4,#ABDDA4,,
,,,,5,M,43,131,186,,,,2,B,8,3,B,A,#2B83BA,,
Spectral,6,div,3.5,1,B,213,62,79,,,,D,5,3,E,4,F,#D53E4F,,
,,,,2,E,252,141,89,,,,F,C,8,D,5,9,#FC8D59,,
,,,,3,G,254,224,139,,,_,F,E,E,0,8,B,#FEE08B,,
,,,,4,I,230,245,152,,,,E,6,F,5,9,8,#E6F598,,
,,,,5,K,153,213,148,,,,9,9,D,5,9,4,#99D594,,
,,,,6,N,50,136,189,,,,3,2,8,8,B,D,#3288BD,,
Spectral,7,div,4,1,B,213,62,79,,,,D,5,3,E,4,F,#D53E4F,,
,,,,2,E,252,141,89,,,,F,C,8,D,5,9,#FC8D59,,
,,,,3,G,254,224,139,,,,F,E,E,0,8,B,#FEE08B,,
,,,,4,H,255,255,191,,,<,F,F,F,F,B,F,#FFFFBF,,
,,,,5,I,230,245,152,,,,E,6,F,5,9,8,#E6F598,,
,,,,6,K,153,213,148,,,,9,9,D,5,9,4,#99D594,,
,,,,7,N,50,136,189,,,,3,2,8,8,B,D,#3288BD,,
Spectral,8,div,4.5,1,B,213,62,79,,,,D,5,3,E,4,F,#D53E4F,,
,,,,2,D,244,109,67,,,,F,4,6,D,4,3,#F46D43,,
,,,,3,F,253,174,97,,,,F,D,A,E,6,1,#FDAE61,,
,,,,4,G,254,224,139,,,_,F,E,E,0,8,B,#FEE08B,,
,,,,5,I,230,245,152,,,,E,6,F,5,9,8,#E6F598,,
,,,,6,J,171,221,164,,,,A,B,D,D,A,4,#ABDDA4,,
,,,,7,L,102,194,165,,,,6,6,C,2,A,5,#66C2A5,,
,,,,8,N,50,136,189,,,,3,2,8,8,B,D,#3288BD,,
Spectral,9,div,5,1,B,213,62,79,,,,D,5,3,E,4,F,#D53E4F,,
,,,,2,D,244,109,67,,,,F,4,6,D,4,3,#F46D43,,
,,,,3,F,253,174,97,,,,F,D,A,E,6,1,#FDAE61,,
,,,,4,G,254,224,139,,,,F,E,E,0,8,B,#FEE08B,,
,,,,5,H,255,255,191,,,<,F,F,F,F,B,F,#FFFFBF,,
,,,,6,I,230,245,152,,,,E,6,F,5,9,8,#E6F598,,
,,,,7,J,171,221,164,,,,A,B,D,D,A,4,#ABDDA4,,
,,,,8,L,102,194,165,,,,6,6,C,2,A,5,#66C2A5,,
,,,,9,N,50,136,189,,,,3,2,8,8,B,D,#3288BD,,
Spectral,10,div,5.5,1,A,158,1,66,,,,9,E,0,1,4,2,#9E0142,,
,,,,2,B,213,62,79,,,,D,5,3,E,4,F,#D53E4F,,
,,,,3,D,244,109,67,,,,F,4,6,D,4,3,#F46D43,,
,,,,4,F,253,174,97,,,,F,D,A,E,6,1,#FDAE61,,
,,,,5,G,254,224,139,,,_,F,E,E,0,8,B,#FEE08B,,
,,,,6,I,230,245,152,,,,E,6,F,5,9,8,#E6F598,,
,,,,7,J,171,221,164,,,,A,B,D,D,A,4,#ABDDA4,,
,,,,8,L,102,194,165,,,,6,6,C,2,A,5,#66C2A5,,
,,,,9,N,50,136,189,,,,3,2,8,8,B,D,#3288BD,,
,,,,10,O,94,79,162,,,,5,E,4,F,A,2,#5E4FA2,,
Spectral,11,div,6,1,A,158,1,66,,,,9,E,0,1,4,2,#9E0142,,
,,,,2,B,213,62,79,,,,D,5,3,E,4,F,#D53E4F,,
,,,,3,D,244,109,67,,,,F,4,6,D,4,3,#F46D43,,
,,,,4,F,253,174,97,,,,F,D,A,E,6,1,#FDAE61,,
,,,,5,G,254,224,139,,,,F,E,E,0,8,B,#FEE08B,,
,,,,6,H,255,255,191,,,<,F,F,F,F,B,F,#FFFFBF,,
,,,,7,I,230,245,152,,,,E,6,F,5,9,8,#E6F598,,
,,,,8,J,171,221,164,,,,A,B,D,D,A,4,#ABDDA4,,
,,,,9,L,102,194,165,,,,6,6,C,2,A,5,#66C2A5,,
,,,,10,N,50,136,189,,,,3,2,8,8,B,D,#3288BD,,
,,,,11,O,94,79,162,,,,5,E,4,F,A,2,#5E4FA2,,
RdYlGn,3,div,2,1,E,252,141,89,,,,F,C,8,D,5,9,#FC8D59,,
,,,,2,H,255,255,191,,,<,F,F,F,F,B,F,#FFFFBF,,
,,,,3,K,145,207,96,,,,9,1,C,F,6,0,#91CF60,,
RdYlGn,4,div,2.5,1,C,215,25,28,,,,D,7,1,9,1,C,#D7191C,,
,,,,2,F,253,174,97,,,_,F,D,A,E,6,1,#FDAE61,,
,,,,3,J,166,217,106,,,,A,6,D,9,6,A,#A6D96A,,
,,,,4,M,26,150,65,,,,1,A,9,6,4,1,#1A9641,,
RdYlGn,5,div,3,1,C,215,25,28,,,,D,7,1,9,1,C,#D7191C,,
,,,,2,F,253,174,97,,,,F,D,A,E,6,1,#FDAE61,,
,,,,3,H,255,255,191,,,<,F,F,F,F,B,F,#FFFFBF,,
,,,,4,J,166,217,106,,,,A,6,D,9,6,A,#A6D96A,,
,,,,5,M,26,150,65,,,,1,A,9,6,4,1,#1A9641,,
RdYlGn,6,div,3.5,1,B,215,48,39,,,,D,7,3,0,2,7,#D73027,,
,,,,2,E,252,141,89,,,,F,C,8,D,5,9,#FC8D59,,
,,,,3,G,254,224,139,,,_,F,E,E,0,8,B,#FEE08B,,
,,,,4,I,217,239,139,,,,D,9,E,F,8,B,#D9EF8B,,
,,,,5,K,145,207,96,,,,9,1,C,F,6,0,#91CF60,,
,,,,6,N,26,152,80,,,,1,A,9,8,5,0,#1A9850,,
RdYlGn,7,div,4,1,B,215,48,39,,,,D,7,3,0,2,7,#D73027,,
,,,,2,E,252,141,89,,,,F,C,8,D,5,9,#FC8D59,,
,,,,3,G,254,224,139,,,,F,E,E,0,8,B,#FEE08B,,
,,,,4,H,255,255,191,,,<,F,F,F,F,B,F,#FFFFBF,,
,,,,5,I,217,239,139,,,,D,9,E,F,8,B,#D9EF8B,,
,,,,6,K,145,207,96,,,,9,1,C,F,6,0,#91CF60,,
,,,,7,N,26,152,80,,,,1,A,9,8,5,0,#1A9850,,
RdYlGn,8,div,4.5,1,B,215,48,39,,,,D,7,3,0,2,7,#D73027,,
,,,,2,D,244,109,67,,,,F,4,6,D,4,3,#F46D43,,
,,,,3,F,253,174,97,,,,F,D,A,E,6,1,#FDAE61,,
,,,,4,G,254,224,139,,,_,F,E,E,0,8,B,#FEE08B,,
,,,,5,I,217,239,139,,,,D,9,E,F,8,B,#D9EF8B,,
,,,,6,J,166,217,106,,,,A,6,D,9,6,A,#A6D96A,,
,,,,7,L,102,189,99,,,,6,6,B,D,6,3,#66BD63,,
,,,,8,N,26,152,80,,,,1,A,9,8,5,0,#1A9850,,
RdYlGn,9,div,5,1,B,215,48,39,,,,D,7,3,0,2,7,#D73027,,
,,,,2,D,244,109,67,,,,F,4,6,D,4,3,#F46D43,,
,,,,3,F,253,174,97,,,,F,D,A,E,6,1,#FDAE61,,
,,,,4,G,254,224,139,,,,F,E,E,0,8,B,#FEE08B,,
,,,,5,H,255,255,191,,,<,F,F,F,F,B,F,#FFFFBF,,
,,,,6,I,217,239,139,,,,D,9,E,F,8,B,#D9EF8B,,
,,,,7,J,166,217,106,,,,A,6,D,9,6,A,#A6D96A,,
,,,,8,L,102,189,99,,,,6,6,B,D,6,3,#66BD63,,
,,,,9,N,26,152,80,,,,1,A,9,8,5,0,#1A9850,,
RdYlGn,10,div,5.5,1,A,165,0,38,,,,A,5,0,0,2,6,#A50026,,
,,,,2,B,215,48,39,,,,D,7,3,0,2,7,#D73027,,
,,,,3,D,244,109,67,,,,F,4,6,D,4,3,#F46D43,,
,,,,4,F,253,174,97,,,,F,D,A,E,6,1,#FDAE61,,
,,,,5,G,254,224,139,,,_,F,E,E,0,8,B,#FEE08B,,
,,,,6,I,217,239,139,,,,D,9,E,F,8,B,#D9EF8B,,
,,,,7,J,166,217,106,,,,A,6,D,9,6,A,#A6D96A,,
,,,,8,L,102,189,99,,,,6,6,B,D,6,3,#66BD63,,
,,,,9,N,26,152,80,,,,1,A,9,8,5,0,#1A9850,,
,,,,10,O,0,104,55,,,,0,0,6,8,3,7,#006837,,
RdYlGn,11,div,6,1,A,165,0,38,,,,A,5,0,0,2,6,#A50026,,
,,,,2,B,215,48,39,,,,D,7,3,0,2,7,#D73027,,
,,,,3,D,244,109,67,,,,F,4,6,D,4,3,#F46D43,,
,,,,4,F,253,174,97,,,,F,D,A,E,6,1,#FDAE61,,
,,,,5,G,254,224,139,,,,F,E,E,0,8,B,#FEE08B,,
,,,,6,H,255,255,191,,,<,F,F,F,F,B,F,#FFFFBF,,
,,,,7,I,217,239,139,,,,D,9,E,F,8,B,#D9EF8B,,
,,,,8,J,166,217,106,,,,A,6,D,9,6,A,#A6D96A,,
,,,,9,L,102,189,99,,,,6,6,B,D,6,3,#66BD63,,
,,,,10,N,26,152,80,,,,1,A,9,8,5,0,#1A9850,,
,,,,11,O,0,104,55,,,,0,0,6,8,3,7,#006837,,
Set3,3,qual,,1,A,141,211,199,,,,8,D,D,3,C,7,#8DD3C7,,
,,,,2,B,255,255,179,,,,F,F,F,F,B,3,#FFFFB3,8 Qualitative Schemes,
,,,,3,C,190,186,218,,,,B,E,B,A,D,A,#BEBADA,,
Set3,4,qual,,1,A,141,211,199,,,,8,D,D,3,C,7,#8DD3C7,,
,,,,2,B,255,255,179,,,,F,F,F,F,B,3,#FFFFB3,,
,,,,3,C,190,186,218,,,,B,E,B,A,D,A,#BEBADA,,
,,,,4,D,251,128,114,,,,F,B,8,0,7,2,#FB8072,,
Set3,5,qual,,1,A,141,211,199,,,,8,D,D,3,C,7,#8DD3C7,,
,,,,2,B,255,255,179,,,,F,F,F,F,B,3,#FFFFB3,,
,,,,3,C,190,186,218,,,,B,E,B,A,D,A,#BEBADA,,
,,,,4,D,251,128,114,,,,F,B,8,0,7,2,#FB8072,,
,,,,5,E,128,177,211,,,,8,0,B,1,D,3,#80B1D3,,
Set3,6,qual,,1,A,141,211,199,,,,8,D,D,3,C,7,#8DD3C7,,
,,,,2,B,255,255,179,,,,F,F,F,F,B,3,#FFFFB3,,
,,,,3,C,190,186,218,,,,B,E,B,A,D,A,#BEBADA,,
,,,,4,D,251,128,114,,,,F,B,8,0,7,2,#FB8072,,
,,,,5,E,128,177,211,,,,8,0,B,1,D,3,#80B1D3,,
,,,,6,F,253,180,98,,,,F,D,B,4,6,2,#FDB462,,
Set3,7,qual,,1,A,141,211,199,,,,8,D,D,3,C,7,#8DD3C7,,
,,,,2,B,255,255,179,,,,F,F,F,F,B,3,#FFFFB3,,
,,,,3,C,190,186,218,,,,B,E,B,A,D,A,#BEBADA,,
,,,,4,D,251,128,114,,,,F,B,8,0,7,2,#FB8072,,
,,,,5,E,128,177,211,,,,8,0,B,1,D,3,#80B1D3,,
,,,,6,F,253,180,98,,,,F,D,B,4,6,2,#FDB462,,
,,,,7,G,179,222,105,,,,B,3,D,E,6,9,#B3DE69,,
Set3,8,qual,,1,A,141,211,199,,,,8,D,D,3,C,7,#8DD3C7,,
,,,,2,B,255,255,179,,,,F,F,F,F,B,3,#FFFFB3,,
,,,,3,C,190,186,218,,,,B,E,B,A,D,A,#BEBADA,,
,,,,4,D,251,128,114,,,,F,B,8,0,7,2,#FB8072,,
,,,,5,E,128,177,211,,,,8,0,B,1,D,3,#80B1D3,,
,,,,6,F,253,180,98,,,,F,D,B,4,6,2,#FDB462,,
,,,,7,G,179,222,105,,,,B,3,D,E,6,9,#B3DE69,,
,,,,8,H,252,205,229,,,,F,C,C,D,E,5,#FCCDE5,,
Set3,9,qual,,1,A,141,211,199,,,,8,D,D,3,C,7,#8DD3C7,,
,,,,2,B,255,255,179,,,,F,F,F,F,B,3,#FFFFB3,,
,,,,3,C,190,186,218,,,,B,E,B,A,D,A,#BEBADA,,
,,,,4,D,251,128,114,,,,F,B,8,0,7,2,#FB8072,,
,,,,5,E,128,177,211,,,,8,0,B,1,D,3,#80B1D3,,
,,,,6,F,253,180,98,,,,F,D,B,4,6,2,#FDB462,,
,,,,7,G,179,222,105,,,,B,3,D,E,6,9,#B3DE69,,
,,,,8,H,252,205,229,,,,F,C,C,D,E,5,#FCCDE5,,
,,,,9,I,217,217,217,,,,D,9,D,9,D,9,#D9D9D9,,
Set3,10,qual,,1,A,141,211,199,,,,8,D,D,3,C,7,#8DD3C7,,
,,,,2,B,255,255,179,,,,F,F,F,F,B,3,#FFFFB3,,
,,,,3,C,190,186,218,,,,B,E,B,A,D,A,#BEBADA,,
,,,,4,D,251,128,114,,,,F,B,8,0,7,2,#FB8072,,
,,,,5,E,128,177,211,,,,8,0,B,1,D,3,#80B1D3,,
,,,,6,F,253,180,98,,,,F,D,B,4,6,2,#FDB462,,
,,,,7,G,179,222,105,,,,B,3,D,E,6,9,#B3DE69,,
,,,,8,H,252,205,229,,,,F,C,C,D,E,5,#FCCDE5,,
,,,,9,I,217,217,217,,,,D,9,D,9,D,9,#D9D9D9,,
,,,,10,J,188,128,189,,,,B,C,8,0,B,D,#BC80BD,,
Set3,11,qual,,1,A,141,211,199,,,,8,D,D,3,C,7,#8DD3C7,,
,,,,2,B,255,255,179,,,,F,F,F,F,B,3,#FFFFB3,,
,,,,3,C,190,186,218,,,,B,E,B,A,D,A,#BEBADA,,
,,,,4,D,251,128,114,,,,F,B,8,0,7,2,#FB8072,,
,,,,5,E,128,177,211,,,,8,0,B,1,D,3,#80B1D3,,
,,,,6,F,253,180,98,,,,F,D,B,4,6,2,#FDB462,,
,,,,7,G,179,222,105,,,,B,3,D,E,6,9,#B3DE69,,
,,,,8,H,252,205,229,,,,F,C,C,D,E,5,#FCCDE5,,
,,,,9,I,217,217,217,,,,D,9,D,9,D,9,#D9D9D9,,
,,,,10,J,188,128,189,,,,B,C,8,0,B,D,#BC80BD,,
,,,,11,K,204,235,197,,,,C,C,E,B,C,5,#CCEBC5,,
Set3,12,qual,,1,A,141,211,199,,,,8,D,D,3,C,7,#8DD3C7,,
,,,,2,B,255,255,179,,,,F,F,F,F,B,3,#FFFFB3,,
,,,,3,C,190,186,218,,,,B,E,B,A,D,A,#BEBADA,,
,,,,4,D,251,128,114,,,,F,B,8,0,7,2,#FB8072,,
,,,,5,E,128,177,211,,,,8,0,B,1,D,3,#80B1D3,,
,,,,6,F,253,180,98,,,,F,D,B,4,6,2,#FDB462,,
,,,,7,G,179,222,105,,,,B,3,D,E,6,9,#B3DE69,,
,,,,8,H,252,205,229,,,,F,C,C,D,E,5,#FCCDE5,,
,,,,9,I,217,217,217,,,,D,9,D,9,D,9,#D9D9D9,,
,,,,10,J,188,128,189,,,,B,C,8,0,B,D,#BC80BD,,
,,,,11,K,204,235,197,,,,C,C,E,B,C,5,#CCEBC5,,
,,,,12,L,255,237,111,,,,F,F,E,D,6,F,#FFED6F,,
Pastel1,3,qual,,1,A,251,180,174,,,,F,B,B,4,A,E,#FBB4AE,,
,,,,2,B,179,205,227,,,,B,3,C,D,E,3,#B3CDE3,,
,,,,3,C,204,235,197,,,,C,C,E,B,C,5,#CCEBC5,,
Pastel1,4,qual,,1,A,251,180,174,,,,F,B,B,4,A,E,#FBB4AE,,
,,,,2,B,179,205,227,,,,B,3,C,D,E,3,#B3CDE3,,
,,,,3,C,204,235,197,,,,C,C,E,B,C,5,#CCEBC5,,
,,,,4,D,222,203,228,,,,D,E,C,B,E,4,#DECBE4,,
Pastel1,5,qual,,1,A,251,180,174,,,,F,B,B,4,A,E,#FBB4AE,,
,,,,2,B,179,205,227,,,,B,3,C,D,E,3,#B3CDE3,,
,,,,3,C,204,235,197,,,,C,C,E,B,C,5,#CCEBC5,,
,,,,4,D,222,203,228,,,,D,E,C,B,E,4,#DECBE4,,
,,,,5,E,254,217,166,,,,F,E,D,9,A,6,#FED9A6,,
Pastel1,6,qual,,1,A,251,180,174,,,,F,B,B,4,A,E,#FBB4AE,,
,,,,2,B,179,205,227,,,,B,3,C,D,E,3,#B3CDE3,,
,,,,3,C,204,235,197,,,,C,C,E,B,C,5,#CCEBC5,,
,,,,4,D,222,203,228,,,,D,E,C,B,E,4,#DECBE4,,
,,,,5,E,254,217,166,,,,F,E,D,9,A,6,#FED9A6,,
,,,,6,F,255,255,204,,,,F,F,F,F,C,C,#FFFFCC,,
Pastel1,7,qual,,1,A,251,180,174,,,,F,B,B,4,A,E,#FBB4AE,,
,,,,2,B,179,205,227,,,,B,3,C,D,E,3,#B3CDE3,,
,,,,3,C,204,235,197,,,,C,C,E,B,C,5,#CCEBC5,,
,,,,4,D,222,203,228,,,,D,E,C,B,E,4,#DECBE4,,
,,,,5,E,254,217,166,,,,F,E,D,9,A,6,#FED9A6,,
,,,,6,F,255,255,204,,,,F,F,F,F,C,C,#FFFFCC,,
,,,,7,G,229,216,189,,,,E,5,D,8,B,D,#E5D8BD,,
Pastel1,8,qual,,1,A,251,180,174,,,,F,B,B,4,A,E,#FBB4AE,,
,,,,2,B,179,205,227,,,,B,3,C,D,E,3,#B3CDE3,,
,,,,3,C,204,235,197,,,,C,C,E,B,C,5,#CCEBC5,,
,,,,4,D,222,203,228,,,,D,E,C,B,E,4,#DECBE4,,
,,,,5,E,254,217,166,,,,F,E,D,9,A,6,#FED9A6,,
,,,,6,F,255,255,204,,,,F,F,F,F,C,C,#FFFFCC,,
,,,,7,G,229,216,189,,,,E,5,D,8,B,D,#E5D8BD,,
,,,,8,H,253,218,236,,,,F,D,D,A,E,C,#FDDAEC,,
Pastel1,9,qual,,1,A,251,180,174,,,,F,B,B,4,A,E,#FBB4AE,,
,,,,2,B,179,205,227,,,,B,3,C,D,E,3,#B3CDE3,,
,,,,3,C,204,235,197,,,,C,C,E,B,C,5,#CCEBC5,,
,,,,4,D,222,203,228,,,,D,E,C,B,E,4,#DECBE4,,
,,,,5,E,254,217,166,,,,F,E,D,9,A,6,#FED9A6,,
,,,,6,F,255,255,204,,,,F,F,F,F,C,C,#FFFFCC,,
,,,,7,G,229,216,189,,,,E,5,D,8,B,D,#E5D8BD,,
,,,,8,H,253,218,236,,,,F,D,D,A,E,C,#FDDAEC,,
,,,,9,I,242,242,242,,,,F,2,F,2,F,2,#F2F2F2,,
Set1,3,qual,,1,A,228,26,28,,,,E,4,1,A,1,C,#E41A1C,,
,,,,2,B,55,126,184,,,,3,7,7,E,B,8,#377EB8,,
,,,,3,C,77,175,74,,,,4,D,A,F,4,A,#4DAF4A,,
Set1,4,qual,,1,A,228,26,28,,,,E,4,1,A,1,C,#E41A1C,,
,,,,2,B,55,126,184,,,,3,7,7,E,B,8,#377EB8,,
,,,,3,C,77,175,74,,,,4,D,A,F,4,A,#4DAF4A,,
,,,,4,D,152,78,163,,,,9,8,4,E,A,3,#984EA3,,
Set1,5,qual,,1,A,228,26,28,,,,E,4,1,A,1,C,#E41A1C,,
,,,,2,B,55,126,184,,,,3,7,7,E,B,8,#377EB8,,
,,,,3,C,77,175,74,,,,4,D,A,F,4,A,#4DAF4A,,
,,,,4,D,152,78,163,,,,9,8,4,E,A,3,#984EA3,,
,,,,5,E,255,127,0,,,,F,F,7,F,0,0,#FF7F00,,
Set1,6,qual,,1,A,228,26,28,,,,E,4,1,A,1,C,#E41A1C,,
,,,,2,B,55,126,184,,,,3,7,7,E,B,8,#377EB8,,
,,,,3,C,77,175,74,,,,4,D,A,F,4,A,#4DAF4A,,
,,,,4,D,152,78,163,,,,9,8,4,E,A,3,#984EA3,,
,,,,5,E,255,127,0,,,,F,F,7,F,0,0,#FF7F00,,
,,,,6,F,255,255,51,,,,F,F,F,F,3,3,#FFFF33,,
Set1,7,qual,,1,A,228,26,28,,,,E,4,1,A,1,C,#E41A1C,,
,,,,2,B,55,126,184,,,,3,7,7,E,B,8,#377EB8,,
,,,,3,C,77,175,74,,,,4,D,A,F,4,A,#4DAF4A,,
,,,,4,D,152,78,163,,,,9,8,4,E,A,3,#984EA3,,
,,,,5,E,255,127,0,,,,F,F,7,F,0,0,#FF7F00,,
,,,,6,F,255,255,51,,,,F,F,F,F,3,3,#FFFF33,,
,,,,7,G,166,86,40,,,,A,6,5,6,2,8,#A65628,,
Set1,8,qual,,1,A,228,26,28,,,,E,4,1,A,1,C,#E41A1C,,
,,,,2,B,55,126,184,,,,3,7,7,E,B,8,#377EB8,,
,,,,3,C,77,175,74,,,,4,D,A,F,4,A,#4DAF4A,,
,,,,4,D,152,78,163,,,,9,8,4,E,A,3,#984EA3,,
,,,,5,E,255,127,0,,,,F,F,7,F,0,0,#FF7F00,,
,,,,6,F,255,255,51,,,,F,F,F,F,3,3,#FFFF33,,
,,,,7,G,166,86,40,,,,A,6,5,6,2,8,#A65628,,
,,,,8,H,247,129,191,,,,F,7,8,1,B,F,#F781BF,,
Set1,9,qual,,1,A,228,26,28,,,,E,4,1,A,1,C,#E41A1C,,
,,,,2,B,55,126,184,,,,3,7,7,E,B,8,#377EB8,,
,,,,3,C,77,175,74,,,,4,D,A,F,4,A,#4DAF4A,,
,,,,4,D,152,78,163,,,,9,8,4,E,A,3,#984EA3,,
,,,,5,E,255,127,0,,,,F,F,7,F,0,0,#FF7F00,,
,,,,6,F,255,255,51,,,,F,F,F,F,3,3,#FFFF33,,
,,,,7,G,166,86,40,,,,A,6,5,6,2,8,#A65628,,
,,,,8,H,247,129,191,,,,F,7,8,1,B,F,#F781BF,,
,,,,9,I,153,153,153,,,,9,9,9,9,9,9,#999999,,
Pastel2,3,qual,,1,A,179,226,205,,,,B,3,E,2,C,D,#B3E2CD,,
,,,,2,B,253,205,172,,,,F,D,C,D,A,C,#FDCDAC,,
,,,,3,C,203,213,232,,,,C,B,D,5,E,8,#CBD5E8,,
Pastel2,4,qual,,1,A,179,226,205,,,,B,3,E,2,C,D,#B3E2CD,,
,,,,2,B,253,205,172,,,,F,D,C,D,A,C,#FDCDAC,,
,,,,3,C,203,213,232,,,,C,B,D,5,E,8,#CBD5E8,,
,,,,4,D,244,202,228,,,,F,4,C,A,E,4,#F4CAE4,,
Pastel2,5,qual,,1,A,179,226,205,,,,B,3,E,2,C,D,#B3E2CD,,
,,,,2,B,253,205,172,,,,F,D,C,D,A,C,#FDCDAC,,
,,,,3,C,203,213,232,,,,C,B,D,5,E,8,#CBD5E8,,
,,,,4,D,244,202,228,,,,F,4,C,A,E,4,#F4CAE4,,
,,,,5,E,230,245,201,,,,E,6,F,5,C,9,#E6F5C9,,
Pastel2,6,qual,,1,A,179,226,205,,,,B,3,E,2,C,D,#B3E2CD,,
,,,,2,B,253,205,172,,,,F,D,C,D,A,C,#FDCDAC,,
,,,,3,C,203,213,232,,,,C,B,D,5,E,8,#CBD5E8,,
,,,,4,D,244,202,228,,,,F,4,C,A,E,4,#F4CAE4,,
,,,,5,E,230,245,201,,,,E,6,F,5,C,9,#E6F5C9,,
,,,,6,F,255,242,174,,,,F,F,F,2,A,E,#FFF2AE,,
Pastel2,7,qual,,1,A,179,226,205,,,,B,3,E,2,C,D,#B3E2CD,,
,,,,2,B,253,205,172,,,,F,D,C,D,A,C,#FDCDAC,,
,,,,3,C,203,213,232,,,,C,B,D,5,E,8,#CBD5E8,,
,,,,4,D,244,202,228,,,,F,4,C,A,E,4,#F4CAE4,,
,,,,5,E,230,245,201,,,,E,6,F,5,C,9,#E6F5C9,,
,,,,6,F,255,242,174,,,,F,F,F,2,A,E,#FFF2AE,,
,,,,7,G,241,226,204,,,,F,1,E,2,C,C,#F1E2CC,,
Pastel2,8,qual,,1,A,179,226,205,,,,B,3,E,2,C,D,#B3E2CD,,
,,,,2,B,253,205,172,,,,F,D,C,D,A,C,#FDCDAC,,
,,,,3,C,203,213,232,,,,C,B,D,5,E,8,#CBD5E8,,
,,,,4,D,244,202,228,,,,F,4,C,A,E,4,#F4CAE4,,
,,,,5,E,230,245,201,,,,E,6,F,5,C,9,#E6F5C9,,
,,,,6,F,255,242,174,,,,F,F,F,2,A,E,#FFF2AE,,
,,,,7,G,241,226,204,,,,F,1,E,2,C,C,#F1E2CC,,
,,,,8,H,204,204,204,,,,C,C,C,C,C,C,#CCCCCC,,
Set2,3,qual,,1,A,102,194,165,,,,6,6,C,2,A,5,#66C2A5,,
,,,,2,B,252,141,98,,,,F,C,8,D,6,2,#FC8D62,,
,,,,3,C,141,160,203,,,,8,D,A,0,C,B,#8DA0CB,,
Set2,4,qual,,1,A,102,194,165,,,,6,6,C,2,A,5,#66C2A5,,
,,,,2,B,252,141,98,,,,F,C,8,D,6,2,#FC8D62,,
,,,,3,C,141,160,203,,,,8,D,A,0,C,B,#8DA0CB,,
,,,,4,D,231,138,195,,,,E,7,8,A,C,3,#E78AC3,,
Set2,5,qual,,1,A,102,194,165,,,,6,6,C,2,A,5,#66C2A5,,
,,,,2,B,252,141,98,,,,F,C,8,D,6,2,#FC8D62,,
,,,,3,C,141,160,203,,,,8,D,A,0,C,B,#8DA0CB,,
,,,,4,D,231,138,195,,,,E,7,8,A,C,3,#E78AC3,,
,,,,5,E,166,216,84,,,,A,6,D,8,5,4,#A6D854,,
Set2,6,qual,,1,A,102,194,165,,,,6,6,C,2,A,5,#66C2A5,,
,,,,2,B,252,141,98,,,,F,C,8,D,6,2,#FC8D62,,
,,,,3,C,141,160,203,,,,8,D,A,0,C,B,#8DA0CB,,
,,,,4,D,231,138,195,,,,E,7,8,A,C,3,#E78AC3,,
,,,,5,E,166,216,84,,,,A,6,D,8,5,4,#A6D854,,
,,,,6,F,255,217,47,,,,F,F,D,9,2,F,#FFD92F,,
Set2,7,qual,,1,A,102,194,165,,,,6,6,C,2,A,5,#66C2A5,,
,,,,2,B,252,141,98,,,,F,C,8,D,6,2,#FC8D62,,
,,,,3,C,141,160,203,,,,8,D,A,0,C,B,#8DA0CB,,
,,,,4,D,231,138,195,,,,E,7,8,A,C,3,#E78AC3,,
,,,,5,E,166,216,84,,,,A,6,D,8,5,4,#A6D854,,
,,,,6,F,255,217,47,,,,F,F,D,9,2,F,#FFD92F,,
,,,,7,G,229,196,148,,,,E,5,C,4,9,4,#E5C494,,
Set2,8,qual,,1,A,102,194,165,,,,6,6,C,2,A,5,#66C2A5,,
,,,,2,B,252,141,98,,,,F,C,8,D,6,2,#FC8D62,,
,,,,3,C,141,160,203,,,,8,D,A,0,C,B,#8DA0CB,,
,,,,4,D,231,138,195,,,,E,7,8,A,C,3,#E78AC3,,
,,,,5,E,166,216,84,,,,A,6,D,8,5,4,#A6D854,,
,,,,6,F,255,217,47,,,,F,F,D,9,2,F,#FFD92F,,
,,,,7,G,229,196,148,,,,E,5,C,4,9,4,#E5C494,,
,,,,8,H,179,179,179,,,,B,3,B,3,B,3,#B3B3B3,,
Dark2,3,qual,,1,A,27,158,119,,,,1,B,9,E,7,7,#1B9E77,,
,,,,2,B,217,95,2,,,,D,9,5,F,0,2,#D95F02,,
,,,,3,C,117,112,179,,,,7,5,7,0,B,3,#7570B3,,
Dark2,4,qual,,1,A,27,158,119,,,,1,B,9,E,7,7,#1B9E77,,
,,,,2,B,217,95,2,,,,D,9,5,F,0,2,#D95F02,,
,,,,3,C,117,112,179,,,,7,5,7,0,B,3,#7570B3,,
,,,,4,D,231,41,138,,,,E,7,2,9,8,A,#E7298A,,
Dark2,5,qual,,1,A,27,158,119,,,,1,B,9,E,7,7,#1B9E77,,
,,,,2,B,217,95,2,,,,D,9,5,F,0,2,#D95F02,,
,,,,3,C,117,112,179,,,,7,5,7,0,B,3,#7570B3,,
,,,,4,D,231,41,138,,,,E,7,2,9,8,A,#E7298A,,
,,,,5,E,102,166,30,,,,6,6,A,6,1,E,#66A61E,,
Dark2,6,qual,,1,A,27,158,119,,,,1,B,9,E,7,7,#1B9E77,,
,,,,2,B,217,95,2,,,,D,9,5,F,0,2,#D95F02,,
,,,,3,C,117,112,179,,,,7,5,7,0,B,3,#7570B3,,
,,,,4,D,231,41,138,,,,E,7,2,9,8,A,#E7298A,,
,,,,5,E,102,166,30,,,,6,6,A,6,1,E,#66A61E,,
,,,,6,F,230,171,2,,,,E,6,A,B,0,2,#E6AB02,,
Dark2,7,qual,,1,A,27,158,119,,,,1,B,9,E,7,7,#1B9E77,,
,,,,2,B,217,95,2,,,,D,9,5,F,0,2,#D95F02,,
,,,,3,C,117,112,179,,,,7,5,7,0,B,3,#7570B3,,
,,,,4,D,231,41,138,,,,E,7,2,9,8,A,#E7298A,,
,,,,5,E,102,166,30,,,,6,6,A,6,1,E,#66A61E,,
,,,,6,F,230,171,2,,,,E,6,A,B,0,2,#E6AB02,,
,,,,7,G,166,118,29,,,,A,6,7,6,1,D,#A6761D,,
Dark2,8,qual,,1,A,27,158,119,,,,1,B,9,E,7,7,#1B9E77,,
,,,,2,B,217,95,2,,,,D,9,5,F,0,2,#D95F02,,
,,,,3,C,117,112,179,,,,7,5,7,0,B,3,#7570B3,,
,,,,4,D,231,41,138,,,,E,7,2,9,8,A,#E7298A,,
,,,,5,E,102,166,30,,,,6,6,A,6,1,E,#66A61E,,
,,,,6,F,230,171,2,,,,E,6,A,B,0,2,#E6AB02,,
,,,,7,G,166,118,29,,,,A,6,7,6,1,D,#A6761D,,
,,,,8,H,102,102,102,,,,6,6,6,6,6,6,#666666,,
Paired,3,qual,,1,A,166,206,227,,,,A,6,C,E,E,3,#A6CEE3,,
,,,,2,B,31,120,180,,,,1,F,7,8,B,4,#1F78B4,,
,,,,3,C,178,223,138,,,,B,2,D,F,8,A,#B2DF8A,,
Paired,4,qual,,1,A,166,206,227,,,,A,6,C,E,E,3,#A6CEE3,,
,,,,2,B,31,120,180,,,,1,F,7,8,B,4,#1F78B4,,
,,,,3,C,178,223,138,,,,B,2,D,F,8,A,#B2DF8A,,
,,,,4,D,51,160,44,,,,3,3,A,0,2,C,#33A02C,,
Paired,5,qual,,1,A,166,206,227,,,,A,6,C,E,E,3,#A6CEE3,,
,,,,2,B,31,120,180,,,,1,F,7,8,B,4,#1F78B4,,
,,,,3,C,178,223,138,,,,B,2,D,F,8,A,#B2DF8A,,
,,,,4,D,51,160,44,,,,3,3,A,0,2,C,#33A02C,,
,,,,5,E,251,154,153,,,,F,B,9,A,9,9,#FB9A99,,
Paired,6,qual,,1,A,166,206,227,,,,A,6,C,E,E,3,#A6CEE3,,
,,,,2,B,31,120,180,,,,1,F,7,8,B,4,#1F78B4,,
,,,,3,C,178,223,138,,,,B,2,D,F,8,A,#B2DF8A,,
,,,,4,D,51,160,44,,,,3,3,A,0,2,C,#33A02C,,
,,,,5,E,251,154,153,,,,F,B,9,A,9,9,#FB9A99,,
,,,,6,F,227,26,28,,,,E,3,1,A,1,C,#E31A1C,,
Paired,7,qual,,1,A,166,206,227,,,,A,6,C,E,E,3,#A6CEE3,,
,,,,2,B,31,120,180,,,,1,F,7,8,B,4,#1F78B4,,
,,,,3,C,178,223,138,,,,B,2,D,F,8,A,#B2DF8A,,
,,,,4,D,51,160,44,,,,3,3,A,0,2,C,#33A02C,,
,,,,5,E,251,154,153,,,,F,B,9,A,9,9,#FB9A99,,
,,,,6,F,227,26,28,,,,E,3,1,A,1,C,#E31A1C,,
,,,,7,G,253,191,111,,,,F,D,B,F,6,F,#FDBF6F,,
Paired,8,qual,,1,A,166,206,227,,,,A,6,C,E,E,3,#A6CEE3,,
,,,,2,B,31,120,180,,,,1,F,7,8,B,4,#1F78B4,,
,,,,3,C,178,223,138,,,,B,2,D,F,8,A,#B2DF8A,,
,,,,4,D,51,160,44,,,,3,3,A,0,2,C,#33A02C,,
,,,,5,E,251,154,153,,,,F,B,9,A,9,9,#FB9A99,,
,,,,6,F,227,26,28,,,,E,3,1,A,1,C,#E31A1C,,
,,,,7,G,253,191,111,,,,F,D,B,F,6,F,#FDBF6F,,
,,,,8,H,255,127,0,,,,F,F,7,F,0,0,#FF7F00,,
Paired,9,qual,,1,A,166,206,227,,,,A,6,C,E,E,3,#A6CEE3,,
,,,,2,B,31,120,180,,,,1,F,7,8,B,4,#1F78B4,,
,,,,3,C,178,223,138,,,,B,2,D,F,8,A,#B2DF8A,,
,,,,4,D,51,160,44,,,,3,3,A,0,2,C,#33A02C,,
,,,,5,E,251,154,153,,,,F,B,9,A,9,9,#FB9A99,,
,,,,6,F,227,26,28,,,,E,3,1,A,1,C,#E31A1C,,
,,,,7,G,253,191,111,,,,F,D,B,F,6,F,#FDBF6F,,
,,,,8,H,255,127,0,,,,F,F,7,F,0,0,#FF7F00,,
,,,,9,I,202,178,214,,,,C,A,B,2,D,6,#CAB2D6,,
Paired,10,qual,,1,A,166,206,227,,,,A,6,C,E,E,3,#A6CEE3,,
,,,,2,B,31,120,180,,,,1,F,7,8,B,4,#1F78B4,,
,,,,3,C,178,223,138,,,,B,2,D,F,8,A,#B2DF8A,,
,,,,4,D,51,160,44,,,,3,3,A,0,2,C,#33A02C,,
,,,,5,E,251,154,153,,,,F,B,9,A,9,9,#FB9A99,,
,,,,6,F,227,26,28,,,,E,3,1,A,1,C,#E31A1C,,
,,,,7,G,253,191,111,,,,F,D,B,F,6,F,#FDBF6F,,
,,,,8,H,255,127,0,,,,F,F,7,F,0,0,#FF7F00,,
,,,,9,I,202,178,214,,,,C,A,B,2,D,6,#CAB2D6,,
,,,,10,J,106,61,154,,,,6,A,3,D,9,A,#6A3D9A,,
Paired,11,qual,,1,A,166,206,227,,,,A,6,C,E,E,3,#A6CEE3,,
,,,,2,B,31,120,180,,,,1,F,7,8,B,4,#1F78B4,,
,,,,3,C,178,223,138,,,,B,2,D,F,8,A,#B2DF8A,,
,,,,4,D,51,160,44,,,,3,3,A,0,2,C,#33A02C,,
,,,,5,E,251,154,153,,,,F,B,9,A,9,9,#FB9A99,,
,,,,6,F,227,26,28,,,,E,3,1,A,1,C,#E31A1C,,
,,,,7,G,253,191,111,,,,F,D,B,F,6,F,#FDBF6F,,
,,,,8,H,255,127,0,,,,F,F,7,F,0,0,#FF7F00,,
,,,,9,I,202,178,214,,,,C,A,B,2,D,6,#CAB2D6,,
,,,,10,J,106,61,154,,,,6,A,3,D,9,A,#6A3D9A,,
,,,,11,K,255,255,153,,,,F,F,F,F,9,9,#FFFF99,,
Paired,12,qual,,1,A,166,206,227,,,,A,6,C,E,E,3,#A6CEE3,,
,,,,2,B,31,120,180,,,,1,F,7,8,B,4,#1F78B4,,
,,,,3,C,178,223,138,,,,B,2,D,F,8,A,#B2DF8A,,
,,,,4,D,51,160,44,,,,3,3,A,0,2,C,#33A02C,,
,,,,5,E,251,154,153,,,,F,B,9,A,9,9,#FB9A99,,
,,,,6,F,227,26,28,,,,E,3,1,A,1,C,#E31A1C,,
,,,,7,G,253,191,111,,,,F,D,B,F,6,F,#FDBF6F,,
,,,,8,H,255,127,0,,,,F,F,7,F,0,0,#FF7F00,,
,,,,9,I,202,178,214,,,,C,A,B,2,D,6,#CAB2D6,,
,,,,10,J,106,61,154,,,,6,A,3,D,9,A,#6A3D9A,,
,,,,11,K,255,255,153,,,,F,F,F,F,9,9,#FFFF99,,
,,,,12,L,177,89,40,,,,B,1,5,9,2,8,#B15928,,
Accent,3,qual,,1,A,127,201,127,,,,7,F,C,9,7,F,#7FC97F,,
,,,,2,B,190,174,212,,,,B,E,A,E,D,4,#BEAED4,,
,,,,3,C,253,192,134,,,,F,D,C,0,8,6,#FDC086,,
Accent,4,qual,,1,A,127,201,127,,,,7,F,C,9,7,F,#7FC97F,,
,,,,2,B,190,174,212,,,,B,E,A,E,D,4,#BEAED4,,
,,,,3,C,253,192,134,,,,F,D,C,0,8,6,#FDC086,,
,,,,4,D,255,255,153,,,,F,F,F,F,9,9,#FFFF99,,
Accent,5,qual,,1,A,127,201,127,,,,7,F,C,9,7,F,#7FC97F,,
,,,,2,B,190,174,212,,,,B,E,A,E,D,4,#BEAED4,,
,,,,3,C,253,192,134,,,,F,D,C,0,8,6,#FDC086,,
,,,,4,D,255,255,153,,,,F,F,F,F,9,9,#FFFF99,,
,,,,5,E,56,108,176,,,,3,8,6,C,B,0,#386CB0,,
Accent,6,qual,,1,A,127,201,127,,,,7,F,C,9,7,F,#7FC97F,,
,,,,2,B,190,174,212,,,,B,E,A,E,D,4,#BEAED4,,
,,,,3,C,253,192,134,,,,F,D,C,0,8,6,#FDC086,,
,,,,4,D,255,255,153,,,,F,F,F,F,9,9,#FFFF99,,
,,,,5,E,56,108,176,,,,3,8,6,C,B,0,#386CB0,,
,,,,6,F,240,2,127,,,,F,0,0,2,7,F,#F0027F,,
Accent,7,qual,,1,A,127,201,127,,,,7,F,C,9,7,F,#7FC97F,,
,,,,2,B,190,174,212,,,,B,E,A,E,D,4,#BEAED4,,
,,,,3,C,253,192,134,,,,F,D,C,0,8,6,#FDC086,,
,,,,4,D,255,255,153,,,,F,F,F,F,9,9,#FFFF99,,
,,,,5,E,56,108,176,,,,3,8,6,C,B,0,#386CB0,,
,,,,6,F,240,2,127,,,,F,0,0,2,7,F,#F0027F,,
,,,,7,G,191,91,23,,,,B,F,5,B,1,7,#BF5B17,,
Accent,8,qual,,1,A,127,201,127,,,,7,F,C,9,7,F,#7FC97F,,
,,,,2,B,190,174,212,,,,B,E,A,E,D,4,#BEAED4,,
,,,,3,C,253,192,134,,,,F,D,C,0,8,6,#FDC086,,
,,,,4,D,255,255,153,,,,F,F,F,F,9,9,#FFFF99,,
,,,,5,E,56,108,176,,,,3,8,6,C,B,0,#386CB0,,
,,,,6,F,240,2,127,,,,F,0,0,2,7,F,#F0027F,,
,,,,7,G,191,91,23,,,,B,F,5,B,1,7,#BF5B17,,
,,,,8,H,102,102,102,,,,6,6,6,6,6,6,#666666,,
,,,,,,,,,,,,,,,,,,,,
Apache-Style Software License for ColorBrewer software and ColorBrewer Color Schemes,,,,,,,,,,,,,,,,,,,,
,,,,,,,,,,,,,,,,,,,,
"Copyright (c) 2002 Cynthia Brewer, Mark Harrower, and The Pennsylvania State University.",,,,,,,,,,,,,,,,,,,,
,,,,,,,,,,,,,,,,,,,,
"Licensed under the Apache License, Version 2.0 (the ""License""); you may not use this file except in compliance with the License.",,,,,,,,,,,,,,,,,,,,
You may obtain a copy of the License at,,,,,,,,,,,,,,,,,,,,
,,,,,,,,,,,,,,,,,,,,
       http://www.apache.org/licenses/LICENSE-2.0,,,,,,,,,,,,,,,,,,,,
,,,,,,,,,,,,,,,,,,,,
"Unless required by applicable law or agreed to in writing, software distributed under the License is distributed on an ""AS IS"" BASIS,",,,,,,,,,,,,,,,,,,,,
"WITHOUT WARRANTIES OR CONDITIONS OF ANY KIND, either express or implied.",,,,,,,,,,,,,,,,,,,,
See the License for the specific language governing permissions and limitations under the License.,,,,,,,,,,,,,,,,,,,,
,,,,,,,,,,,,,,,,,,,,
,,,,,,,,,,,,,,,,,,,,
"Redistribution and use in source and binary forms, with or without modification, are permitted provided that the following conditions are met:",,,,,,,,,,,,,,,,,,,,
"1. Redistributions as source code must retain the above copyright notice, this list of conditions and the following disclaimer.",,,,,,,,,,,,,,,,,,,,
"2. The end-user documentation included with the redistribution, if any, must include the following acknowledgment:",,,,,,,,,,,,,,,,,,,,
This product includes color specifications and designs developed by Cynthia Brewer (http://colorbrewer.org/).,,,,,,,,,,,,,,,,,,,,
"Alternately, this acknowledgment may appear in the software itself, if and wherever such third-party acknowledgments normally appear.",,,,,,,,,,,,,,,,,,,,
"4. The name ""ColorBrewer"" must not be used to endorse or promote products derived from this software without prior written permission. ",,,,,,,,,,,,,,,,,,,,
"For written permission, please contact Cynthia Brewer at cbrewer@psu.edu.",,,,,,,,,,,,,,,,,,,,
"5. Products derived from this software may not be called ""ColorBrewer"", nor may ""ColorBrewer"" appear in their name, without prior written permission of Cynthia Brewer.",,,,,,,,,,,,,,,,,,,,
,,,,,,,,,,,,,,,,,,,,
,,,,,,,,,,,,,,,,,,,,
This version of the file (4) is sorted to have schemes in the same order as on the ColorBrewer site. Color patches are included,,,,,,,,,,,,,,,,,,,,
in column K. These were programmed by David P. Ryan as rectangles filled with corresponding RGB colors and inserted in the,,,,,,,,,,,,,,,,,,,,
cells as comments. Thank you to David for the idea and initiative in making the color examples available in the file.,,,,,,,,,,,,,,,,,,,,
,,,,,,,,,,,,,,,,,,,,
The original ColorBrewer web site is at http://ColorBrewer.org,,,,,,,,,,,,,,,,,,,,
,,,,,,,,,,,,,,,,,,,,
"For more information about ColorBrewer, check the updates section of the site at http://www.personal.psu.edu/cab38/ColorBrewer/ColorBrewer_updates.html",,,,,,,,,,,,,,,,,,,,
